1546_acc_x	1546_acc_y	1546_acc_z	1546_gyro_x	1546_gyro_y	1546_gyro_z	1546_mag_x	1546_mag_y	1546_mag_z	1548_acc_x	1548_acc_y	1548_acc_z	1548_gyro_x	1548_gyro_y	1548_gyro_z	1548_mag_x	1548_mag_y	1548_mag_z	1549_acc_x	1549_acc_y	1549_acc_z	1549_gyro_x	1549_gyro_y	1549_gyro_z	1549_mag_x	1549_mag_y	1549_mag_z
0.1207	1.181	9.4517	-0.1209	0.0882	-0.0883	0.7159	-1.1178	-1.4832	0.2876	2.3523	9.634	0.217	-0.1387	0.2384	-0.9321	-0.483	-1.8477	9.9727	2.5592	0.5831	0.2761	-0.0833	0.2804	-0.2281	-0.3062	-0.1681
0.3559	1.0078	9.5709	-0.1803	0.1299	-0.3016	0.2678	0.4308	-0.8895	0.4587	2.0632	9.4628	-0.2445	0.1886	0.0134	0.7641	-0.4586	-1.4921	9.6182	2.2683	0.4618	0.307	-0.0538	0.3124	-0.2101	-0.2942	-0.1621
0.3449	1.2949	9.0541	-0.1532	0.0197	0.0615	0.2496	0.4306	-0.89	0.8061	2.3515	9.4694	-0.151	0.2148	0.0768	0.746	-0.4823	-1.4922	9.4947	2.5587	0.1754	0.2465	-0.0235	0.3453	-0.2342	-0.2882	-0.1681
0.0588	1.296	9.2783	-0.0591	0.1211	-0.1476	0.2486	0.4798	-0.9577	0.927	1.7165	9.7027	-0.1509	0.0842	0.2235	0.7798	-0.5274	-1.5123	9.7305	2.9079	0.2377	0.2446	0.0777	0.0738	-0.2101	-0.2942	-0.1681
0.2376	1.4115	9.5121	-0.2155	-0.1618	-0.01	0.2302	0.4559	-0.9576	0.2299	2.1792	9.6328	-0.1194	0.308	0.0516	0.7287	-0.4831	-1.4712	9.3738	2.5585	0.0023	0.0935	0.1683	0.172	-0.2161	-0.3122	-0.1561
0.3021	1.1238	9.8001	-0.2737	0.1489	-0.0245	0.2674	0.5032	-0.9356	0.7468	2.5824	9.4106	-0.1184	0.3035	0.1445	0.7271	-0.5055	-1.535	9.4947	2.5587	0.1754	-0.0296	0.0492	0.0746	-0.2221	-0.3122	-0.1681
0.5402	0.6627	10.0336	-0.1205	0.2072	0.0103	0.2867	0.4542	-0.8674	0.4651	1.9482	9.8107	0.093	0.126	-0.0854	0.7457	-0.4586	-1.5351	9.4984	2.2681	0.3456	-0.0888	0.1997	0.2059	-0.2281	-0.3062	-0.1741
0.1285	0.7206	9.7956	-0.1521	0.1136	0.0358	0.2298	0.4083	-0.9565	0.6873	2.1204	9.293	0.1002	0.3845	0.304	0.7472	-0.4596	-1.4497	9.7921	2.3842	0.3515	-0.0916	-0.0714	0.0073	-0.2101	-0.3242	-0.1741
0.1779	1.0654	9.3951	-0.0313	-0.1304	-0.0687	0.2485	0.4079	-0.9338	0.0588	1.6599	9.745	-0.0907	0.1876	-0.0184	0.692	-0.4832	-1.5573	9.5459	2.3249	-0.2228	-0.0914	0.0219	-0.0186	-0.2101	-0.3002	-0.1681
0.4663	1.0646	9.2858	-0.1204	0.1793	-0.0527	0.2476	0.4091	-0.9782	0.2313	1.8906	9.6904	-0.0907	0.1876	-0.0184	0.71	-0.4829	-1.5356	9.3781	2.7337	0.2306	0.0899	-0.0054	-0.1753	-0.2281	-0.3062	-0.1741
0.2989	1.0081	9.6273	-0.1829	0.1126	0.0663	0.2305	0.4315	-0.9349	0.7513	2.294	9.6423	-0.1193	0.3726	-0.0063	0.7797	-0.4803	-1.5768	10.023	2.2087	0.1277	0.3608	-0.0892	-0.5201	-0.2161	-0.2942	-0.1741
0.1234	0.9507	9.5662	-0.0297	0.0253	-0.091	0.2486	0.4798	-0.9577	0.5794	2.4099	9.7553	0.0303	0.067	-0.12	0.6914	-0.5298	-1.5355	9.4373	2.3843	0.2308	0.5751	0.1551	-0.5091	-0.2161	-0.3122	-0.1681
0.1805	0.8928	9.5097	-0.0889	0.1846	-0.1751	0.2311	0.4548	-0.9132	0.5735	2.1207	9.4069	0.0663	0.3019	0.1125	0.7628	-0.4813	-1.5345	9.3131	2.2672	-0.1135	0.6351	0.2518	-0.6583	-0.2281	-0.2942	-0.1861
0.0657	1.2968	9.6233	-0.2142	0.0793	0.1258	0.2666	0.4562	-0.9567	0.5217	2.179	9.754	-0.0577	0.2747	0.0802	0.7099	-0.5063	-1.514	9.5549	2.326	0.2329	0.5431	0.4431	-0.8321	-0.2221	-0.3122	-0.1741
0.3529	0.7768	9.3978	-0.3652	0.0648	-0.1833	0.2309	0.431	-0.9127	0.7441	2.2358	9.2361	-0.2426	0.2118	0.1701	0.7275	-0.5058	-1.5137	9.7356	2.3845	0.4643	0.7836	0.3904	-1.1751	-0.2281	-0.3062	-0.1861
0.298	0.8927	9.5695	-0.1529	0.0505	0.0632	0.2664	0.4325	-0.9561	0.4625	2.3522	9.6952	-0.0572	0.1749	0.229	0.7107	-0.4834	-1.4929	9.2589	2.2096	0.1131	0.6872	0.1915	-1.6766	-0.2342	-0.3062	-0.1801
0.015	1.0672	9.9667	-0.0896	0.0347	-0.2753	0.2316	0.4542	-0.891	0.8666	2.0051	9.586	-0.1527	0.1901	-0.049	0.7264	-0.505	-1.5777	9.2043	1.4533	0.2811	0.5652	-0.1509	-1.5396	-0.2101	-0.2942	-0.1621
0.5276	1.2378	9.4599	-0.4285	-0.0356	-0.0047	0.2493	0.4549	-0.9128	0.6892	2.2938	9.4092	-0.0286	0.2173	-0.0168	0.7275	-0.5058	-1.5137	9.73	2.3838	0.1795	0.3182	0.0208	-2.0207	-0.2161	-0.3122	-0.1741
0.1268	1.0087	9.7388	-0.2427	0.1514	-0.0857	0.2507	0.4532	-0.8462	0.4647	2.2946	9.8111	-0.0885	0.3398	0.0225	0.7453	-0.5289	-1.4704	9.3196	2.4427	0.2287	0.287	0.024	-2.1125	-0.2342	-0.3002	-0.1681
0.3501	1.0072	9.2834	-0.3359	-0.0899	-0.1914	0.2304	0.5516	-0.9821	0.6293	2.1782	9.292	0.0923	0.0322	-0.0604	0.7277	-0.4589	-1.5568	9.8523	2.1514	0.409	0.011	0.0024	-2.3266	-0.2281	-0.3002	-0.1861
0.7625	0.6033	9.5205	-0.5507	-0.0046	0.0269	0.2305	0.4315	-0.9349	0.7504	2.1785	9.5841	0.1224	0.1976	-0.2982	0.7096	-0.4826	-1.557	9.4875	1.9756	-0.2248	-0.1784	-0.0955	-3.0681	-0.2281	-0.2942	-0.1681
0.5897	0.9499	9.6329	-0.3967	0.0006	-0.1255	0.2674	0.5032	-0.9356	0.6956	2.1788	9.7571	0.2146	0.2298	-0.3586	0.709	-0.5292	-1.5352	9.4952	2.093	0.1743	-0.7549	-0.3496	-2.6769	-0.2221	-0.3062	-0.1621
0.1804	0.9504	9.5098	-0.5183	-0.0803	-0.3457	0.2496	0.4306	-0.89	0.4619	2.0057	9.6367	0.1245	0.3175	-0.2283	0.7442	-0.5282	-1.5344	9.3787	2.2097	0.2293	-1.5713	-0.7096	-1.7972	-0.2221	-0.3062	-0.1681
-0.1089	0.8358	9.5613	-0.548	-0.0447	-0.4362	0.248	0.4085	-0.956	0.4663	2.6412	9.9276	0.2761	0.2948	-0.4478	0.6914	-0.5298	-1.5355	9.7291	2.2091	0.1221	-2.1156	-1.1584	-1.1089	-0.2221	-0.3182	-0.1681
0.3538	0.8923	9.4556	-0.4552	0.0775	-0.4291	0.2503	0.4538	-0.8684	0.9236	2.6979	9.5879	0.3973	0.1728	-0.5184	0.7813	-0.4578	-1.513	9.435	2.4422	0.117	-2.4779	-1.3557	-0.6242	-0.2342	-0.3302	-0.1741
0.4721	1.0653	9.5734	-0.1481	0.0822	-0.6113	0.1944	0.4787	-0.9369	0.4025	2.3521	9.5781	0.3376	0.1647	-0.3324	0.7449	-0.4816	-1.5562	9.3708	2.267	-0.1693	-3.0209	-1.4651	0.051	-0.2281	-0.3242	-0.1621
0.2398	0.8928	9.5683	-0.1473	0.1453	-0.6386	0.3026	0.4572	-0.9779	0.1136	2.5258	9.6311	0.3363	0.2031	-0.4851	0.7614	-0.5508	-1.5338	9.4388	2.0352	0.287	-3.1399	-1.6317	0.4738	-0.2281	-0.3062	-0.1861
0.3567	1.1809	9.6288	0.1909	0.2113	-0.8173	0.2316	0.4542	-0.891	0.4575	2.1786	9.4049	0.0878	0.0535	-0.4937	0.762	-0.5042	-1.5556	9.2565	2.3257	-0.0005	-2.9516	-1.7174	1.175	-0.2221	-0.3002	-0.1741
0.3568	1.1233	9.6287	0.498	0.3322	-0.8396	0.1937	0.4555	-0.9586	0.4555	2.1207	9.2888	0.2132	0.1391	-0.3956	0.7795	-0.5271	-1.5337	9.3799	2.0935	0.286	-2.9155	-1.5517	1.7675	-0.2221	-0.3122	-0.1681
0.3547	1.0077	9.5134	0.684	0.6957	-0.7267	0.2308	0.4791	-0.936	0.4607	2.1788	9.5789	0.3972	0.0437	-0.4026	0.7081	-0.5522	-1.5563	9.0901	2.4436	0.5091	-2.5741	-1.4541	2.477	-0.2342	-0.3182	-0.1681
0.1338	0.9519	10.0837	1.1115	0.6565	-0.6646	0.2121	0.4795	-0.9587	0.6873	2.1204	9.293	0.2756	-0.0278	-0.1583	0.7293	-0.4365	-1.493	9.5004	2.5012	0.4601	-2.0797	-1.4858	3.3323	-0.2221	-0.3122	-0.1741
0.1146	1.3533	9.1646	1.5428	0.7594	-0.9944	0.2669	0.4319	-0.9339	0.1173	2.0641	9.8046	0.1553	0.0574	0.0341	0.7618	-0.5276	-1.5341	8.9797	2.0953	0.8478	-1.4005	-1.5269	4.4316	-0.2161	-0.3002	-0.1741
-0.0463	0.8939	9.7926	1.2674	0.9071	-0.7731	0.2316	0.4542	-0.891	0.4651	2.0059	9.8108	0.3075	-0.0006	-0.0946	0.7983	-0.4334	-1.5769	9.6099	2.6748	0.064	-1.0901	-1.834	5.274	-0.2161	-0.3182	-0.1741
0.123	1.1813	9.5667	1.4223	0.9769	-0.9836	0.2297	0.4565	-0.9798	0.5208	2.1212	9.6959	0.3709	0.0553	0.0019	0.7281	-0.4592	-1.5355	9.3231	2.3849	0.3995	-0.5051	-1.8009	6.0089	-0.2281	-0.3062	-0.1741
0.2376	1.4115	9.5121	1.7903	0.9499	-1.167	0.2313	0.4785	-0.9138	0.8085	2.0629	9.585	0.249	0.2126	-0.0183	0.7277	-0.4589	-1.5568	9.2087	2.5601	0.5686	0.0482	-1.5751	6.5081	-0.2041	-0.2942	-0.1801
0.0063	1.3544	9.5648	1.3916	1.0346	-0.8885	0.2295	0.4327	-0.9792	0.4556	2.063	9.2887	0.1561	-0.0762	0.2427	0.7616	-0.5745	-1.4909	9.619	1.5697	0.4601	0.4504	-1.5713	7.2429	-0.2281	-0.2942	-0.1801
0.234	0.9497	9.2809	1.2099	1.1647	-0.9749	0.2125	0.5271	-0.9598	0.4651	1.9482	9.8107	0.3712	-0.1736	0.2665	0.7644	-0.4588	-1.4707	9.0813	2.3843	0.0532	1.0317	-1.4302	7.4915	-0.2161	-0.3062	-0.1741
0.2446	0.8357	9.7982	1.6374	1.0681	-1.008	0.2122	0.4314	-0.9353	0.2941	2.1796	9.9819	0.127	0.0458	0.2818	0.7621	-0.4808	-1.5772	9.3237	1.8027	0.3981	1.9216	-1.1507	8.1445	-0.2221	-0.2882	-0.1741
-0.1019	1.3556	9.9651	1.5455	1.0973	-0.9456	0.2307	0.4072	-0.9121	0.3541	2.1796	10.099	-0.0258	0.1714	0.2907	0.7259	-0.5282	-1.5775	9.4971	2.4426	0.2891	2.6275	-1.209	8.8121	-0.2281	-0.3122	-0.1861
0.1285	1.2973	9.8545	1.116	1.0353	-0.8287	0.2687	0.4778	-0.8685	0.6914	2.2362	9.5252	-0.0865	0.1678	0.3839	0.7458	-0.5057	-1.4706	10.0852	2.1509	0.2995	3.5124	-1.1608	8.9919	-0.2221	-0.3002	-0.1621
0.1235	1.4697	9.6249	1.0853	0.9769	-0.8935	0.2495	0.4787	-0.9133	0.7529	1.8899	9.6998	0.0675	0.199	0.3231	0.7282	-0.5063	-1.471	9.732	2.5588	0.2938	4.7051	-1.128	9.5681	-0.2161	-0.3062	-0.1741
0.3524	1.0074	9.3984	1.1793	1.1357	-1.0074	0.2306	0.4553	-0.9354	-0.0009	2.2373	9.6867	0.1616	0.1576	0.5063	0.727	-0.529	-1.5134	9.3286	2.4438	0.6845	5.4376	-1.015	9.691	-0.2281	-0.3122	-0.1681
-0.1002	1.0675	10.0219	1.0533	0.9098	-0.7744	0.2671	0.4557	-0.9345	0.6336	2.1208	9.524	0.4029	-0.0158	0.1834	0.7451	-0.5052	-1.5133	9.2701	2.1528	0.6827	6.3537	-0.9075	9.935	-0.2342	-0.3002	-0.1681
0.5302	1.0652	9.5745	1.0548	1.0361	-0.8291	0.2129	0.4546	-0.9137	0.4606	2.2366	9.579	0.0361	0.072	0.4082	0.7272	-0.4821	-1.5566	9.4975	2.0351	0.2881	7.1156	-0.6033	9.8524	-0.2342	-0.2942	-0.1801
0.1156	1.411	9.2222	1.1441	0.7279	-0.8757	0.303	0.4566	-0.9557	0.5205	2.3521	9.6962	0.5321	0.0194	0.6819	0.7456	-0.4821	-1.5135	9.2076	2.5017	0.5115	7.6328	-0.4181	9.7041	-0.2342	-0.3002	-0.1681
0.4769	0.9505	9.8031	1.0531	0.7922	-0.9036	0.2126	0.4789	-0.9365	0.2286	2.3523	9.575	0.4099	0.1137	0.6886	0.7285	-0.4594	-1.5141	10.0253	2.1508	0.2415	8.2128	-0.0845	9.7167	-0.2281	-0.2942	-0.1621
0.3557	1.1232	9.5712	1.0207	0.7517	-0.6908	0.2666	0.4562	-0.9567	0.805	2.3514	9.4114	-0.2062	0.2178	0.6671	0.7109	-0.4599	-1.5145	9.3787	2.1515	0.2292	8.4894	0.1852	9.8822	-0.2281	-0.2942	-0.1741
0.5251	0.7186	9.2862	0.9595	0.8392	-0.5636	0.2674	0.4313	-0.9117	0.9255	2.0628	9.6451	0.4092	0.0844	0.6557	0.7285	-0.4594	-1.5141	9.5032	1.9776	0.5728	8.5515	-0.1329	10.1726	-0.2342	-0.3002	-0.1801
-0.2197	0.952	9.8468	0.8971	0.7446	-0.5076	0.2307	0.4072	-0.9121	0.2895	1.7173	9.6912	-0.2065	0.2838	0.5783	0.7095	-0.5061	-1.5354	9.9073	2.5002	0.2401	8.3384	-0.1629	10.2035	-0.2402	-0.3062	-0.1741
0.5264	1.2377	9.4024	0.9572	0.7366	-0.354	0.2491	0.4312	-0.9122	0.6376	2.2366	9.7562	0.4985	0.098	0.3456	0.6566	-0.5077	-1.5365	9.6691	2.2672	0.0641	8.1569	-0.4163	10.4686	-0.2281	-0.2942	-0.1681
0.128	0.9512	9.7962	0.7717	0.726	-0.0791	0.2306	0.4553	-0.9354	0.4584	2.2942	9.463	-0.1492	0.1089	0.3493	0.7459	-0.4352	-1.5567	9.8519	2.5007	0.4098	7.6392	-0.4745	10.5005	-0.2161	-0.3002	-0.1621
0.1801	1.1234	9.5102	0.9246	0.724	-0.0782	0.2126	0.4789	-0.9365	1.0401	2.2358	9.5894	-0.0558	0.0705	0.4706	0.7447	-0.505	-1.5347	9.6703	2.2091	0.121	7.2955	-0.6565	9.5407	-0.2281	-0.3002	-0.1741
0.2917	1.1226	9.2825	0.8609	0.5046	0.0018	0.2124	0.4551	-0.9359	0.5762	2.4674	9.5814	-0.2707	0.1019	0.5357	0.7623	-0.5045	-1.5343	9.8441	2.4997	0.0111	6.6858	-0.5551	9.4279	-0.2342	-0.2822	-0.1681
0.1246	0.9508	9.6237	0.9206	0.5525	0.2814	0.2503	0.4538	-0.8684	0.4023	2.5253	9.5783	-0.1812	-0.0474	0.4014	0.7805	-0.4807	-1.5342	9.9021	2.2085	-0.0455	6.2853	-0.5649	8.8773	-0.2281	-0.3002	-0.1741
0.3494	1.3531	9.2842	0.9491	0.3347	0.3007	0.2668	0.48	-0.9573	0.5785	2.2943	9.6972	-0.0866	0.0711	0.4707	0.7642	-0.4352	-1.5136	9.9006	2.4994	-0.1017	5.6104	-0.6338	8.3257	-0.2281	-0.2942	-0.1681
0.1855	1.297	9.7982	0.7669	0.3163	0.0833	0.2486	0.4798	-0.9577	0.5693	2.1782	9.1749	0.0961	0.014	0.311	0.7605	-0.5738	-1.555	9.912	2.3261	0.4675	5.2719	-0.8365	8.0105	-0.2402	-0.3122	-0.1801
0.5346	1.181	9.8048	0.5831	0.3746	0.2082	0.2476	0.4091	-0.9782	0.2847	2.2366	9.4598	-0.2115	0.1775	0.2298	0.7817	-0.4581	-1.4917	9.3822	2.0355	0.3998	4.6008	-0.8577	7.8919	-0.2281	-0.3002	-0.1741
0.3544	1.1807	9.5138	0.4922	0.3522	0.0528	0.2489	0.4555	-0.935	0.6911	2.4672	9.5255	-0.1807	0.0802	0.3165	0.7107	-0.4834	-1.4929	9.6632	2.5576	-0.22	4.1756	-0.9523	8.0749	-0.2402	-0.3062	-0.1741
0.3591	1.1236	9.7437	0.2474	0.2671	-0.0456	0.2304	0.4797	-0.9582	0.806	2.4092	9.4695	-0.2418	0.0459	0.4077	0.7805	-0.4807	-1.5342	9.3833	2.0939	0.4569	3.5333	-0.9986	7.7703	-0.2161	-0.2942	-0.1741
0.1222	1.5848	9.5677	-0.059	0.2961	0.0769	0.2498	0.4544	-0.8906	0.4638	2.179	9.753	-0.3985	0.1252	0.1031	0.7461	-0.4589	-1.5138	9.4918	2.2091	0.0037	3.2255	-0.8582	7.3189	-0.2221	-0.3002	-0.1621
0.3558	1.0655	9.571	0.309	0.2692	-0.1065	0.2498	0.4544	-0.8906	0.6883	2.1782	9.351	-0.1271	-0.1426	-0.195	0.7275	-0.5058	-1.5137	9.6837	2.269	0.8047	2.9804	-0.3808	6.9152	-0.2342	-0.2942	-0.1801
0.3517	1.3533	9.3992	0.2765	0.1698	0.0416	0.266	0.433	-0.9783	0.459	2.6984	9.5216	-0.186	0.0076	-0.0918	0.7106	-0.5068	-1.4713	9.4933	2.7915	0.119	2.5226	-0.3105	6.7689	-0.2221	-0.2942	-0.1741
0.2977	1.008	9.5698	0.4004	0.3239	0.0199	0.2135	0.4778	-0.8921	0.6362	2.4675	9.6985	-0.095	-0.1814	-0.0424	0.7274	-0.4587	-1.5782	9.5538	2.2676	0.1758	2.3061	-0.2334	6.3442	-0.2161	-0.3062	-0.1681
0.0629	1.0081	9.4501	0.4927	0.3845	0.0238	0.2298	0.4083	-0.9565	0.4616	2.2366	9.637	-0.2172	0.0097	-0.1226	0.7101	-0.53	-1.4711	9.7313	2.2676	0.2361	2.0601	-0.3158	6.0959	-0.2281	-0.3002	-0.1621
0.1791	1.0079	9.4524	0.4926	0.2094	-0.2008	0.2473	0.4334	-1.001	0.6929	2.6983	9.6418	0.0919	0.0015	-0.0624	0.7622	-0.5279	-1.5127	9.9062	1.5103	0.1237	2.1211	-0.2855	6.097	-0.2342	-0.2942	-0.1741
0.4128	1.0652	9.5147	0.2158	0.2029	0.0123	0.2294	0.3608	-0.9553	0.2923	1.9485	9.8656	0.1222	0.0685	-0.1824	0.7633	-0.4581	-1.5347	9.556	2.3261	0.2899	1.9087	-0.1616	6.1359	-0.2342	-0.3002	-0.1621
-0.0466	1.0669	9.793	0.2169	0.2101	-0.141	0.2303	0.4078	-0.9343	0.7463	2.1204	9.352	0.2149	0.196	-0.2987	0.7095	-0.5061	-1.5354	9.2588	2.2678	0.1133	1.7524	-0.082	5.6186	-0.2342	-0.2702	-0.1861
0.0584	0.9499	9.22	-0.092	0.0189	0.0619	0.2673	0.4795	-0.9351	0.4047	2.2368	9.694	0.1852	0.0937	-0.0879	0.7458	-0.5057	-1.4706	9.7343	2.559	0.4077	2.1786	0.1029	5.5018	-0.2402	-0.2882	-0.1741
0.066	1.1815	9.6231	-0.0598	0.0874	-0.0879	0.2487	0.4317	-0.9344	0.5773	2.4097	9.6393	-0.1216	0.1235	0.0396	0.761	-0.5506	-1.5552	9.6693	2.0926	0.0637	2.6012	0.0198	5.0943	-0.2342	-0.2882	-0.1681
0.4756	1.008	9.7457	-0.0913	0.0526	0.0022	0.2669	0.4319	-0.9339	0.6942	2.4674	9.6995	0.0011	0.0922	0.006	0.7267	-0.5053	-1.5564	9.7935	2.1515	0.4079	2.9625	0.0017	4.5984	-0.2342	-0.2942	-0.1681
0.5352	0.8928	9.8041	-0.0931	0.0117	0.2152	0.2666	0.4562	-0.9567	0.8729	1.9478	9.934	-0.1258	-0.0841	-0.1291	0.7463	-0.4825	-1.4708	9.6174	1.9771	0.4041	3.1447	0.1272	4.4804	-0.2161	-0.2942	-0.1561
0.5912	1.3537	9.7489	-0.154	0.0139	0.1842	0.2482	0.4323	-0.9566	0.5774	2.352	9.6392	0.0019	0.186	-0.019	0.7786	-0.5501	-1.5548	9.9021	2.1502	-0.0456	3.6285	0.2619	3.9915	-0.2342	-0.2882	-0.1681
0.355	0.8924	9.5131	-0.0337	-0.1168	0.3009	0.2682	0.4783	-0.8907	0.5177	2.1209	9.5219	0.0614	0.0005	-0.0313	0.7275	-0.5058	-1.5137	9.7238	1.9755	-0.1633	3.6595	0.5098	3.9427	-0.2161	-0.2882	-0.1741
0.1843	1.2969	9.7407	-0.1553	-0.0815	0.2405	0.2487	0.4317	-0.9344	0.3507	2.4104	9.9252	-0.0295	0.059	0.0661	0.7628	-0.4813	-1.5345	9.195	1.8015	-0.1738	3.597	0.673	3.6749	-0.2161	-0.2882	-0.1621
0.3525	0.9498	9.3983	0.1208	0.0369	0.2794	0.2307	0.4072	-0.9121	0.4642	2.6988	9.8117	0.2155	-0.0666	0.0257	0.7451	-0.5052	-1.5133	9.727	2.0924	0.0079	3.3524	0.7415	3.5268	-0.2342	-0.3002	-0.1621
0.6438	1.2376	9.4622	0.2116	0.0005	0.3702	0.2482	0.4323	-0.9566	0.4648	2.1791	9.811	0.1531	0.1003	-0.2115	0.7263	-0.5285	-1.5561	9.7282	1.9761	0.0645	3.3173	0.6345	3.0295	-0.2281	-0.2822	-0.1681
0.6555	1.1813	10.0371	-0.217	-0.0262	0.3968	0.3033	0.4323	-0.933	0.6335	2.1785	9.524	0.309	-0.0405	0.0891	0.7285	-0.4594	-1.5141	9.2544	2.2672	-0.1146	3.2553	0.6081	2.9056	-0.2402	-0.3002	-0.1921
0.2329	0.8919	9.2233	0.0267	-0.094	0.4562	0.3033	0.4323	-0.933	0.6911	2.4672	9.5255	-0.03	-0.0686	0.1509	0.7272	-0.5526	-1.4705	9.4892	1.5101	-0.1689	3.0977	0.3482	2.4014	-0.2161	-0.2882	-0.1561
0.2464	1.0666	9.9138	-0.4017	-0.0031	0.612	0.2482	0.4323	-0.9566	0.6327	2.0052	9.4658	-0.5561	0.0461	-0.1187	0.7618	-0.5276	-1.5341	9.4925	1.5687	0.0021	2.9473	0.5302	2.5351	-0.2221	-0.2822	-0.1681
0.1817	0.8929	9.5672	-0.3091	-0.0853	0.3623	0.2487	0.4317	-0.9344	0.3395	2.2363	9.2869	0.0588	-0.1825	-0.0742	0.7451	-0.5052	-1.5133	9.7341	1.6857	0.3487	2.8545	0.3176	2.4633	-0.2281	-0.2882	-0.1621
-0.0487	0.9513	9.6777	-0.615	-0.199	0.2313	0.2308	0.4791	-0.936	0.7504	2.2362	9.5842	-0.7085	0.2024	-0.1078	0.7631	-0.505	-1.4916	9.9077	2.1509	0.2392	2.7029	0.4102	2.5001	-0.2402	-0.2882	-0.1741
0.006	0.9508	9.5064	-0.4287	0.0791	0.1859	0.2134	0.454	-0.8915	0.6338	1.8898	9.5237	0.8899	-0.2857	-0.1468	0.7086	-0.529	-1.5565	9.6683	2.0342	0.0066	2.3658	0.1708	2.3674	-0.2281	-0.3062	-0.1681
0.0097	0.8359	9.6786	-0.3676	0.0489	0.1539	0.1944	0.4787	-0.9369	0.3	1.6025	10.2712	0.1879	0.1784	0.0728	0.7094	-0.5295	-1.5138	9.6662	1.9175	-0.1076	2.1821	0.3638	2.1637	-0.2402	-0.2822	-0.1801
-0.0459	1.2976	9.8511	-0.3052	0.173	0.1302	0.2298	0.4083	-0.9565	0.4595	2.2942	9.5211	0.8635	-0.1113	0.082	0.7618	-0.5276	-1.5341	10.0787	1.9172	-0.0428	2.2108	0.1511	2.0602	-0.2221	-0.2882	-0.1801
0.3547	1.0077	9.5134	-0.339	0.0356	0.43	0.2678	0.4308	-0.8895	0.5799	2.8141	9.8139	0.679	-0.1757	0.2028	0.7096	-0.4826	-1.557	9.558	1.5113	0.3449	2.2397	0.3136	1.7917	-0.2281	-0.2942	-0.1681
0.3545	1.123	9.5137	-0.2765	0.0434	0.2464	0.2293	0.4089	-0.9787	0.4639	2.0636	9.7528	-0.2198	-0.2378	-0.1076	0.7456	-0.4821	-1.5135	10.0809	1.9175	0.0711	2.422	0.5016	1.6462	-0.2402	-0.2942	-0.1741
0.3614	1.1238	9.8587	-0.244	0.1722	0.1306	0.2476	0.4091	-0.9782	0.7546	2.1788	9.8162	0.5831	-0.2235	-0.0482	0.7099	-0.5063	-1.514	9.5609	1.9192	0.5168	2.2379	0.6023	1.4377	-0.2281	-0.3062	-0.1681
0.3545	1.123	9.5137	-0.334	0.1849	-0.1152	0.25	0.4782	-0.8911	0.8717	2.0632	9.8761	0.3044	-0.3111	-0.0527	0.691	-0.5295	-1.5569	9.8427	1.7427	-0.1047	2.2398	0.6262	1.6542	-0.2041	-0.3002	-0.1561
0.3022	1.0662	9.7999	-0.5495	0.2364	0.1628	0.2848	0.4564	-0.9562	0.4587	2.1209	9.4628	0.6445	-0.2231	-0.0795	0.7795	-0.5271	-1.5337	9.6729	1.9184	0.2342	2.4214	0.316	1.6673	-0.2402	-0.2762	-0.1501
0.1276	1.1818	9.7967	-0.3356	0.1454	0.0671	0.2318	0.478	-0.8916	0.6373	2.4675	9.7565	-0.0026	-0.2475	0.015	0.727	-0.529	-1.5134	9.7274	1.6849	0.0069	2.4526	0.3128	1.7592	-0.2221	-0.2882	-0.1681
0.3592	1.0659	9.7436	-0.2433	0.1765	0.0386	0.2126	0.4789	-0.9365	0.6372	2.5253	9.7565	0.0596	-0.121	-0.0702	0.7286	-0.5065	-1.4496	9.554	1.1032	0.1161	2.3285	-0.0843	1.678	-0.2281	-0.3002	-0.1561
-0.2279	1.0087	9.4444	-0.4273	0.001	-0.1256	0.2492	0.5031	-0.9361	0.865	2.4092	9.5285	0.4912	-0.2573	0.0431	0.7456	-0.4821	-1.5135	9.847	1.8597	0.1235	2.2976	-0.1763	1.6735	-0.2161	-0.2942	-0.1741
0.0633	0.7775	9.4496	-0.2437	-0.0293	-0.1876	0.2134	0.454	-0.8915	0.4602	1.7168	9.5203	0.2462	-0.1639	0.1124	0.727	-0.529	-1.5134	9.8451	1.5683	0.0088	2.2361	-0.2046	1.611	-0.2402	-0.2882	-0.1741
0.3036	0.951	9.8571	-0.3655	0.0339	-0.185	0.2125	0.407	-0.9126	0.7508	2.6982	9.6428	0.3365	-0.35	0.0999	0.7983	-0.5039	-1.4909	9.5533	1.7436	0.1176	1.9025	0.0434	1.6574	-0.2281	-0.3002	-0.1561
0.0773	1.2982	10.1984	-0.395	0.1283	-0.2108	0.2306	0.3834	-0.9115	0.4596	2.2365	9.521	0.244	-0.1533	-0.1042	0.7448	-0.5521	-1.4702	9.9606	1.4515	-0.1031	1.2939	-0.1728	1.8356	-0.2342	-0.2822	-0.1681
0.0043	1.2389	9.4495	-0.3049	-0.058	-0.2202	0.2485	0.4079	-0.9338	0.9195	2.6399	9.3558	0.0617	-0.2284	0.2333	0.78	-0.5039	-1.5339	10.0265	2.0345	0.2981	0.9854	-0.0919	1.3196	-0.2342	-0.2882	-0.1621
0.4145	0.7771	9.5715	-0.244	0.056	-0.0293	0.2309	0.431	-0.9127	0.5171	2.5829	9.5225	0.4327	-0.044	0.1194	0.7263	-0.5285	-1.5561	9.6098	1.8014	0.0049	0.6483	-0.4256	1.2435	-0.2221	-0.2882	-0.1681
0.0753	1.125	10.083	0.0639	0.1238	-0.2388	0.2493	0.4549	-0.9128	0.4596	2.1787	9.5209	0.614	-0.2241	-0.0484	0.7436	-0.5748	-1.5126	9.7883	1.8015	0.1222	0.007	-0.5383	1.0892	-0.2161	-0.2762	-0.1681
0.2949	0.7193	9.3966	0.0958	0.2777	-0.2304	0.2119	0.3838	-0.9342	0.6389	2.0057	9.8139	0.6147	-0.1948	-0.0155	0.7439	-0.5279	-1.5558	9.3192	1.8604	0.1704	-0.1474	-0.6542	0.8999	-0.2281	-0.2882	-0.1741
0.2459	0.7205	9.8554	-0.0875	0.2227	-0.3267	0.2653	0.4098	-0.9999	0.4566	2.1208	9.3468	0.9842	-0.1335	-0.1373	0.728	-0.4826	-1.5139	9.6119	1.8599	0.119	-0.4534	-0.74	0.7749	-0.2161	-0.3062	-0.1741
0.2971	1.3539	9.5706	0.0331	0.1522	-0.1761	0.248	0.4085	-0.956	0.6365	2.2942	9.6982	0.6177	-0.0794	0.1473	0.7623	-0.5045	-1.5343	9.6743	1.6274	0.2905	-0.5486	-0.9121	0.3978	-0.2221	-0.2882	-0.1621
-0.0522	0.9509	9.5052	0.0041	0.1333	-0.4231	0.2314	0.4304	-0.8905	0.5786	2.2366	9.6971	0.5241	-0.1701	0.1418	0.7276	-0.4823	-1.5353	9.9679	1.86	0.2966	-0.729	-0.7318	0.5931	-0.2281	-0.2942	-0.1741
0.1854	0.778	9.7394	-0.1479	0.1998	-0.482	0.2311	0.4548	-0.9132	0.1716	2.468	9.6321	0.0587	-0.2793	0.0126	0.7445	-0.4813	-1.5776	9.7226	1.9754	-0.2203	-0.9442	-0.7221	0.3494	-0.2342	-0.2882	-0.1861
0.0721	1.0093	9.9102	-0.2422	-0.0781	-0.4668	0.2682	0.4783	-0.8907	0.8599	2.2933	9.2383	0.5523	-0.1908	-0.077	0.7626	-0.5281	-1.4914	9.3834	1.9775	0.4566	-1.2469	-0.9458	0.6785	-0.2281	-0.2882	-0.1681
0.2448	1.297	9.8568	-0.2111	0.0994	-0.3034	0.2121	0.4795	-0.9587	0.7538	1.9477	9.7579	0.648	-0.0446	0.0562	0.7808	-0.481	-1.5128	9.3783	1.5111	0.1706	-1.2471	-1.0391	0.7044	-0.2281	-0.3002	-0.1681
0.1172	1.1806	9.2792	-0.089	0.1258	-0.2397	0.2485	0.4079	-0.9338	0.8713	2.4096	9.8766	1.0137	-0.4198	0.0302	0.7259	-0.5988	-1.4914	9.6182	2.21	0.4616	-1.1865	-1.2887	0.7831	-0.2161	-0.3002	-0.1741
0.009	0.6051	9.6205	-0.0586	0.1534	-0.1766	0.2487	0.4317	-0.9344	0.8031	2.2358	9.2952	0.7076	-0.1656	-0.014	0.7266	-0.5287	-1.5348	9.4357	1.8019	0.1155	-0.7006	-1.1311	0.5414	-0.2161	-0.2762	-0.1741
-0.1068	0.9514	9.6766	0.1566	0.3034	-0.1364	0.2674	0.5032	-0.9356	0.687	2.3514	9.2933	0.5257	-0.1777	0.2965	0.7441	-0.5516	-1.5128	9.434	2.3257	0.0598	-0.944	-1.13	0.5742	-0.2161	-0.3002	-0.1681
0.0742	1.1248	10.0255	0.2796	0.3356	-0.1954	0.2322	0.4774	-0.8694	0.3541	2.1796	10.099	0.4615	-0.1645	0.0493	0.7091	-0.5058	-1.5567	9.5495	2.0924	-0.0525	-0.8505	-0.8886	0.709	-0.2221	-0.2882	-0.1681
0.3524	1.5841	9.4573	0.2464	0.1731	-0.0199	0.2123	0.5033	-0.9592	0.4576	2.1209	9.4048	0.3712	0.086	0.0039	0.7644	-0.4588	-1.4707	9.2648	1.9192	0.3973	-0.9116	-0.762	0.6238	-0.2221	-0.2942	-0.1801
0.0654	1.4698	9.6238	0.1548	0.1463	-0.0834	0.2306	0.4553	-0.9354	0.6315	2.1206	9.4079	0.3357	-0.2486	-0.0798	0.7424	-0.5975	-1.5551	9.5008	2.152	0.4593	-1.1583	-0.6856	0.23	-0.2221	-0.2762	-0.1681
0.2441	1.0663	9.7988	0.0944	0.1808	-0.1434	0.2314	0.4304	-0.8905	0.4678	2.2948	9.9852	0.4606	-0.0954	-0.1014	0.7285	-0.4594	-1.5141	9.9037	1.7429	0.0104	-1.283	-0.642	-0.1357	-0.2281	-0.3002	-0.1561
0.0717	1.1822	9.9106	0.0313	-0.0343	-0.1553	0.2306	0.4553	-0.9354	0.6924	2.2363	9.5832	0.4943	0.1178	-0.0567	0.6917	-0.53	-1.5142	9.7884	1.7433	0.1221	-1.437	-0.6339	-0.3492	-0.2221	-0.2942	-0.1741
0.2334	1.238	9.2816	-0.0287	-0.0263	-0.309	0.2303	0.4078	-0.9343	0.5197	2.1211	9.6379	0.188	0.2751	-0.014	0.7239	-0.621	-1.5766	9.6117	2.0346	0.1194	-1.5299	-0.5647	-0.5601	-0.2221	-0.2942	-0.1681
-0.1102	0.8933	9.5039	-0.1189	0.0143	-0.4918	0.2488	0.5036	-0.9583	0.4625	2.3522	9.6952	-0.0609	0.1271	-0.0536	0.7102	-0.5066	-1.4927	9.9691	1.8019	0.3534	-1.6829	-0.4354	-0.7059	-0.2281	-0.2942	-0.1741
0.4754	1.1233	9.746	0.0949	0.0969	-0.3323	0.2316	0.4542	-0.891	0.4613	2.4676	9.6373	0.3067	-0.0944	-0.0696	0.7271	-0.5055	-1.535	10.0287	2.0348	0.4121	-2.0458	-0.5364	-0.3392	-0.2281	-0.2882	-0.1741
0.1868	1.2395	9.8555	0.2159	0.1161	-0.1153	0.2308	0.4791	-0.936	0.864	2.3514	9.4704	0.3382	-0.0979	-0.0079	0.7266	-0.5287	-1.5348	9.4365	2.0931	0.1732	-1.8326	-0.6633	-0.286	-0.2101	-0.2942	-0.1861
0.2969	1.4115	9.5707	0.1871	0.1574	-0.3285	0.2314	0.4304	-0.8905	0.4058	2.1791	9.7519	-0.6154	0.1656	-0.0175	0.7467	-0.4828	-1.4495	9.9088	2.2093	0.2963	-1.9853	-0.6918	-0.317	-0.2522	-0.2942	-0.1741
0.2485	1.1821	10.0291	0.0295	-0.2209	-0.1346	0.2671	0.4557	-0.9345	0.5813	1.7171	9.8125	0.0604	0.005	-0.1241	0.691	-0.5295	-1.5569	9.9057	1.976	0.1249	-2.1058	-0.6331	-0.19	-0.2342	-0.2822	-0.1441
0.5893	1.1805	9.6334	0.0326	-0.0257	-0.3393	0.2303	0.4078	-0.9343	0.1717	2.4102	9.632	0.1534	0.131	-0.2095	0.727	-0.529	-1.5134	9.7871	1.8596	0.0654	-1.9836	-0.7294	-0.1037	-0.2281	-0.2882	-0.1621
0.3614	0.5472	9.7998	-0.0581	0.0401	-0.3978	0.2122	0.4314	-0.9353	0.6385	2.3521	9.8143	0.0924	-0.0661	0.0574	0.7454	-0.4584	-1.5565	9.4347	1.6271	0.0581	-1.7996	-0.6108	-0.0068	-0.2281	-0.3062	-0.1681
0.1317	0.8363	9.9684	0.1851	-0.0305	-0.2771	0.2308	0.4791	-0.936	0.6919	2.6404	9.5837	0.3082	0.0609	-0.0906	0.7254	-0.5514	-1.5773	9.7891	2.0927	0.1799	-1.646	-0.2101	-0.0487	-0.2221	-0.2942	-0.1621
0.0032	1.1811	9.3919	0.0622	0.0255	-0.1212	0.2309	0.431	-0.9127	0.5229	2.0636	9.8119	0.216	0.0609	-0.0591	0.7275	-0.5058	-1.5137	10.0366	1.9776	0.8107	-1.0988	-0.3676	-0.0921	-0.2402	-0.2822	-0.1861
-0.1081	1.0089	9.6192	0.1554	0.1212	-0.2077	0.2492	0.5031	-0.9361	0.4628	2.179	9.695	0.0007	0.0615	0.004	0.6926	-0.5071	-1.4931	9.4974	2.1515	0.2884	-0.8544	-0.0908	-0.1412	-0.2161	-0.2882	-0.1561
0.2921	0.9496	9.2821	0.1846	0.0828	-0.0558	0.2472	0.4815	-1.0243	0.9851	2.4093	9.7626	0.0022	0.1845	0.012	0.7283	-0.4828	-1.4926	9.7314	2.1511	0.2359	-0.5193	-0.4697	0.0516	-0.2161	-0.2942	-0.1621
0.3504	0.8919	9.2831	0.3057	-0.0436	-0.0311	0.2675	0.4551	-0.9123	0.7461	2.2936	9.3522	0.2801	0.1783	0.0414	0.7635	-0.4347	-1.5563	9.6773	1.9189	0.4621	-0.3975	-0.314	-0.0336	-0.2281	-0.2822	-0.1681
0.1818	1.4119	9.6259	0.2456	0.0806	-0.0248	0.2118	0.4319	-0.9575	0.6871	2.2936	9.2932	0.2792	0.2474	-0.1094	0.7095	-0.5061	-1.5354	9.7393	2.0357	0.6344	-0.1568	-0.2734	-0.4024	-0.2221	-0.2882	-0.1621
0.2935	1.4111	9.3982	0.1845	0.1402	0.0394	0.2122	0.4314	-0.9353	0.7473	3.0444	9.4692	0.0349	0.3377	0.0218	0.6927	-0.4837	-1.5146	9.5019	2.1521	0.5162	-0.0056	-0.5834	-0.389	-0.2281	-0.2882	-0.1741
0.2376	0.8348	9.4532	0.1515	-0.1371	0.0244	0.213	0.4064	-0.8904	0.3468	2.1791	9.6929	-0.0278	0.311	-0.0417	0.7439	-0.5279	-1.5558	9.6718	1.9182	0.1772	0.3311	-0.5614	-0.2061	-0.2221	-0.2882	-0.1561
-0.2204	1.2979	9.8476	0.1529	0.0172	0.0326	0.2672	0.4076	-0.9112	0.3503	1.8906	9.8665	-0.1817	0.3444	-0.0389	0.7799	-0.4568	-1.5984	9.5065	1.978	0.7437	0.4525	-0.4671	-0.2945	-0.2281	-0.2942	-0.1621
0.3078	1.1822	10.0877	0.2146	0.0781	0.0363	0.2481	0.4804	-0.9799	0.8054	2.0627	9.411	-0.1812	0.2123	0.1388	0.6916	-0.4829	-1.5787	9.9644	1.976	0.126	0.5751	-0.4086	-0.2309	-0.2161	-0.3002	-0.1801
0.131	1.1822	9.9692	0.277	0.2315	0.0449	0.2487	0.4317	-0.9344	0.41	2.1794	9.984	-0.1188	0.2727	0.1425	0.7614	-0.5508	-1.5338	9.9045	2.0341	0.068	0.6361	-0.3466	-0.259	-0.2342	-0.2762	-0.1621
0.3593	1.0083	9.7434	0.337	0.1353	0.1016	0.2302	0.4559	-0.9576	0.9258	1.7741	9.6448	-0.2702	0.4568	0.2172	0.7268	-0.5524	-1.4919	9.9078	2.0927	0.2391	0.6944	-0.4623	-0.5114	-0.2221	-0.2942	-0.1741
0.066	1.1815	9.6231	0.2453	0.1953	0.1657	0.2132	0.4302	-0.8909	0.4591	2.5829	9.5214	-0.1809	0.2108	0.1698	0.7251	-0.5983	-1.5341	9.7347	2.1516	0.4068	0.7276	-0.5984	-0.1191	-0.2342	-0.2882	-0.1741
0.0659	1.2392	9.6232	0.1508	-0.1708	0.084	0.2307	0.4072	-0.9121	0.3988	2.0054	9.3456	-0.1191	0.2742	0.1115	0.7275	-0.5058	-1.5137	9.9067	2.0926	0.1821	0.5449	-0.4718	-0.1725	-0.2281	-0.2762	-0.1681
0.6494	1.3536	9.75	0.0596	0.0377	0.279	0.1953	0.4776	-0.8926	0.2321	2.1216	9.7487	-0.3056	0.1866	0.0756	0.6911	-0.5766	-1.4924	9.7868	2.1507	0.0661	0.5463	-0.446	-0.0174	-0.2402	-0.2882	-0.1621
0.0068	1.1238	9.5643	0.2144	0.2811	0.3238	0.2674	0.4313	-0.9117	0.815	1.8901	9.9329	-0.424	0.5224	0.1912	0.7633	-0.5286	-1.4487	9.4378	1.9186	0.2297	0.3032	-0.3209	-0.0089	-0.2221	-0.2942	-0.1621
0.3529	1.3535	9.4567	0.2431	0.0059	0.2478	0.2316	0.4542	-0.891	0.4657	2.2947	9.8691	-0.5488	0.4014	0.1839	0.7451	-0.5052	-1.5133	10.027	1.5688	0.297	0.2723	-0.1936	-0.125	-0.2221	-0.2822	-0.1741
0.0063	0.7778	9.5059	0.3374	0.2838	0.2325	0.2495	0.4787	-0.9133	0.4018	2.0633	9.5197	-0.4862	0.3959	0.2763	0.762	-0.5042	-1.5556	9.6789	1.5698	0.5182	0.0266	-0.1837	-0.3685	-0.2281	-0.2942	-0.1741
0.3566	1.2386	9.629	0.3366	0.0751	0.0677	0.2121	0.4076	-0.9348	0.6943	2.4096	9.6994	-0.3942	0.4619	0.156	0.7808	-0.481	-1.5128	9.9698	2.2095	0.4114	-0.2143	-0.1607	-0.0579	-0.2342	-0.3002	-0.1681
0.1356	1.1828	10.1993	0.3987	0.1094	-0.0223	0.2502	0.5019	-0.8917	0.4646	2.3523	9.8112	-0.3958	0.4694	0.0013	0.7449	-0.4816	-1.5562	9.615	2.0932	0.2905	-0.3353	-0.1318	0.0369	-0.2402	-0.2942	-0.1681
-0.0465	1.0092	9.7929	0.4913	0.2302	0.0155	0.2123	0.3832	-0.912	0.6344	2.2941	9.5822	-0.1198	0.245	0.0786	0.7446	-0.5284	-1.5131	9.6061	2.0339	-0.1654	-0.4277	-0.2522	-0.0301	-0.2281	-0.2942	-0.1561
0.233	1.411	9.282	0.5543	0.3865	-0.0372	0.2121	0.4795	-0.9587	0.3407	2.0632	9.3446	-0.2445	0.2209	-0.0156	0.7271	-0.5055	-1.535	9.4958	1.5691	0.173	-0.5787	-0.2558	0.1247	-0.2101	-0.2942	-0.1801
0.1307	1.3552	9.9697	0.6116	0.0701	0.0999	0.2503	0.4538	-0.8684	0.3975	2.1785	9.2878	-0.367	0.1861	0.1069	0.6909	-0.553	-1.5353	9.4976	1.9769	0.2879	-0.5493	-0.2521	0.0016	-0.2402	-0.3002	-0.1621
0.2913	0.7765	9.2242	0.4907	0.1097	-0.0524	0.2306	0.4553	-0.9354	0.3972	2.4095	9.2881	-0.3982	0.1236	0.134	0.7436	-0.5748	-1.5126	9.2628	1.6861	0.2828	-0.7304	-0.194	0.1599	-0.2281	-0.3002	-0.1621
-0.2168	1.2407	10.02	0.5515	0.1354	0.0415	0.1948	0.4063	-0.8908	0.5825	2.4101	9.9294	-0.3363	0.0566	0.2225	0.7268	-0.5524	-1.4919	9.4933	1.8599	0.0598	-0.6682	-0.1369	0.2853	-0.2221	-0.2822	-0.1681
0.2919	1.0649	9.2824	0.3654	-0.1119	0.0886	0.23	0.4321	-0.9571	0.463	2.0058	9.6947	-0.4579	0.1478	0.2911	0.7434	-0.5511	-1.5555	9.5505	2.209	0.0048	-0.912	-0.51	0.4524	-0.2402	-0.2882	-0.1741
0.1234	1.5273	9.625	0.4281	-0.1026	-0.1257	0.25	0.4782	-0.8911	0.6979	2.8141	9.932	-0.4876	0.2729	0.2684	0.7439	-0.5279	-1.5558	9.7291	2.2091	0.1221	-1.0344	-0.3502	0.308	-0.2402	-0.3002	-0.1621
0.1831	1.3544	9.6833	0.3971	0.0111	0.0954	0.2304	0.4797	-0.9582	0.9285	2.1208	9.8192	-0.2702	0.4568	0.2172	0.7086	-0.529	-1.5565	9.4366	1.9767	0.1729	-0.9705	-0.1432	0.5642	-0.2281	-0.2882	-0.1801
0.2903	1.2954	9.2254	0.3062	0.0475	0.0045	0.25	0.4782	-0.8911	0.6342	2.4096	9.5824	-0.1486	0.301	0.2065	0.7265	-0.5521	-1.5132	9.3752	2.3257	0.0587	-0.7591	-0.1381	0.3475	-0.2221	-0.2942	-0.1681
0.0146	1.2401	9.9671	0.2736	-0.1401	0.0557	0.2674	0.4313	-0.9117	1.0979	2.409	9.5907	-0.1801	0.3368	0.1159	0.7456	-0.4821	-1.5135	9.6232	1.8031	0.6885	-0.6977	0.0788	0.2968	-0.2221	-0.2942	-0.1681
0.1285	1.2973	9.8545	0.3053	0.0123	0.0948	0.2482	0.4323	-0.9566	0.925	2.4093	9.6456	-0.4272	0.3102	0.1153	0.7102	-0.5066	-1.4927	9.3756	1.9183	0.0577	-0.5157	-0.0141	0.2597	-0.2281	-0.2942	-0.1621
-0.1628	1.0094	9.7906	0.3045	-0.1096	0.0576	0.2678	0.4308	-0.8895	0.7524	2.2941	9.7003	-0.7634	0.4313	0.2799	0.7622	-0.5279	-1.5127	9.7252	1.6846	-0.1071	-0.1205	0.455	-0.0574	-0.2221	-0.3002	-0.1621
-0.2219	0.8941	9.7316	0.4296	0.1693	0.0118	0.2675	0.4551	-0.9123	0.4048	2.179	9.6939	-0.7327	0.5613	0.133	0.7446	-0.5284	-1.5131	9.4989	1.8024	0.3445	-0.3086	0.3521	-0.6454	-0.2342	-0.3002	-0.1681
0.41	1.2956	9.4002	0.3673	-0.0121	-0.0598	0.248	0.4085	-0.956	0.6355	2.2364	9.6401	-0.335	0.2779	0.1127	0.7431	-0.598	-1.5124	9.6716	2.0929	0.1776	-0.2156	0.3762	-0.4604	-0.2221	-0.3002	-0.1801
0.2873	1.0644	9.0524	0.2467	0.1172	-0.1458	0.2666	0.4562	-0.9567	0.4545	2.1206	9.2308	-0.3928	0.5203	0.2219	0.7798	-0.5274	-1.5123	9.7871	1.8596	0.0654	-0.2219	0.2758	-1.1728	-0.2161	-0.2942	-0.1741
0.1217	1.2388	9.5093	0.1514	-0.0797	0.1197	0.2677	0.4789	-0.9129	0.5765	2.2364	9.5811	-0.3297	0.5778	0.2875	0.7627	-0.5047	-1.5129	9.9089	2.0929	0.296	-0.4353	0.4661	-1.2842	-0.2342	-0.3002	-0.1741
0.357	1.008	9.6284	0.0908	-0.1334	-0.0373	0.2493	0.4549	-0.9128	0.5772	2.5252	9.6395	-0.7949	0.4348	0.2182	0.7267	-0.5053	-1.5564	9.959	1.8006	-0.1593	-0.8024	0.4443	-1.4668	-0.2161	-0.2942	-0.1681
0.0011	1.0655	9.2766	-0.0005	-0.0999	-0.0668	0.2664	0.4325	-0.9561	0.4604	2.352	9.5792	-0.3624	0.4568	0.2487	0.7455	-0.5055	-1.492	10.0256	1.8015	0.2406	-0.8042	0.4512	-1.6816	-0.2221	-0.2882	-0.1561
0.3575	0.7774	9.6279	-0.0297	0.0547	-0.0587	0.2475	0.4572	-1.0015	0.2308	2.2947	9.6909	-0.3038	0.3404	0.0856	0.779	-0.5503	-1.5335	9.7217	1.8006	-0.2777	-1.3245	0.1836	-1.8451	-0.2281	-0.3062	-0.1561
-0.0444	1.1248	9.9081	-0.1824	0.0581	-0.0903	0.2675	0.4551	-0.9123	0.4629	2.0635	9.6948	-0.4875	0.3697	0.1815	0.7273	-0.5292	-1.4921	9.8459	1.8595	0.0665	-1.4167	0.2816	-1.993	-0.2342	-0.2942	-0.1741
0.2399	1.4118	9.6271	0.0311	-0.0064	-0.0923	0.2313	0.4785	-0.9138	0.5774	2.352	9.6392	-0.3919	0.4835	0.3437	0.7442	-0.5282	-1.5344	9.5541	2.0348	0.1753	-1.7219	0.1928	-2.0258	-0.2342	-0.2882	-0.1681
-0.1128	1.6427	9.4482	-0.124	-0.1938	-0.0112	0.2665	0.3843	-0.9328	0.4627	2.2367	9.695	-0.3613	0.5168	0.2836	0.727	-0.529	-1.5134	9.7848	1.9175	-0.0484	-2.058	-0.0505	-2.0357	-0.2281	-0.2882	-0.1741
0.1278	1.0665	9.7965	-0.1529	0.0211	0.0309	0.2497	0.5025	-0.9139	0.6963	2.4675	9.8155	-0.2696	0.4215	0.3081	0.7263	-0.5285	-1.5561	9.6152	1.9768	0.2902	-2.3622	-0.0807	-1.9733	-0.2342	-0.3002	-0.1621
0.1873	0.9512	9.8548	-0.2149	-0.0413	0.0579	0.2127	0.4308	-0.9131	0.6292	2.236	9.2921	-0.4272	0.3102	0.1153	0.7456	-0.4821	-1.5135	9.5538	2.3258	0.176	-2.5471	-0.2588	-2.1348	-0.2221	-0.2942	-0.1681
0.1223	0.9505	9.5087	-0.1531	-0.2127	-0.2583	0.2671	0.4557	-0.9345	0.7468	2.5824	9.4106	-0.3057	0.3172	-0.0711	0.7261	-0.5519	-1.5346	10.022	2.0922	0.0704	-2.7598	-0.4466	-1.9891	-0.2281	-0.3002	-0.1801
0.5319	1.3537	9.6902	-0.4282	0.0246	0.0293	0.2483	0.5042	-0.9805	0.4576	2.1209	9.4048	-0.3036	0.4694	-0.0302	0.7447	-0.505	-1.5347	9.4333	1.9181	0.0018	-2.7596	-0.6351	-1.8759	-0.2281	-0.2882	-0.1681
0.1166	1.4688	9.2799	-0.3071	-0.218	-0.1059	0.2678	0.4308	-0.8895	0.4661	2.006	9.8688	-0.3058	0.2849	-0.0422	0.7438	-0.5985	-1.4697	9.8457	2.0342	0.0669	-2.8209	-0.3825	-2.0468	-0.2221	-0.2942	-0.1681
0.1755	1.1228	9.2802	-0.3675	-0.0084	0.0587	0.2478	0.3847	-0.9554	0.4666	2.4102	9.9273	-0.0897	0.3781	-0.1302	0.709	-0.5292	-1.5352	9.7274	1.7431	0.007	-3.0659	-0.313	-2.2257	-0.2221	-0.2942	-0.1741
0.1249	1.3545	9.6821	-0.4292	-0.0693	0.055	0.2319	0.5018	-0.8922	0.4031	1.8902	9.5775	-0.1215	0.1881	-0.0183	0.7261	-0.5519	-1.5346	9.7197	1.5675	-0.3922	-2.8835	-0.0625	-2.3986	-0.2161	-0.2942	-0.1681
0.3603	1.1237	9.8012	-0.2128	0.0305	-0.1534	0.2493	0.4549	-0.9128	0.7506	2.063	9.584	-0.0899	0.249	-0.0144	0.7812	-0.4812	-1.4915	9.4342	2.0928	0.0592	-3.0971	-0.0905	-2.4291	-0.2161	-0.2942	-0.1861
0.1284	1.3549	9.8547	-0.4593	-0.0367	0.0258	0.2316	0.4542	-0.891	0.4618	2.1212	9.6369	-0.1192	0.2097	0.1694	0.726	-0.5753	-1.513	9.675	1.9768	0.3483	-3.156	-0.0353	-2.2105	-0.2462	-0.2882	-0.1801
0.0699	0.9513	9.795	-0.4256	0.2449	-0.0511	0.2316	0.4542	-0.891	0.6859	2.409	9.2353	-0.1818	0.2476	0.048	0.7277	-0.5294	-1.4707	9.6625	2.2082	-0.2778	-3.3073	-0.1005	-2.0589	-0.2342	-0.2822	-0.1741
0.1802	1.0657	9.5101	-0.4613	-0.2246	0.0772	0.2489	0.4555	-0.935	0.398	1.7743	9.2873	-0.2145	0.2894	-0.1665	0.7432	-0.5745	-1.534	9.8472	1.7432	0.1232	-3.2453	-0.0424	-1.9641	-0.2221	-0.2942	-0.1681
0.1749	1.4111	9.2809	-0.2436	0.0001	-0.1552	0.248	0.4085	-0.956	0.6382	1.7169	9.7555	-0.1836	0.1261	0.009	0.7279	-0.4355	-1.5784	9.9733	2.0935	0.582	-3.4909	-0.4086	-2.0119	-0.2161	-0.2882	-0.1561
-0.1163	1.0656	9.2168	-0.4596	-0.0969	-0.0082	0.2298	0.4083	-0.9565	0.3426	2.2366	9.4609	-0.2111	0.4033	0.0272	0.7818	-0.4346	-1.5133	9.4901	1.6849	-0.1115	-3.4591	-0.2263	-1.9412	-0.2221	-0.2942	-0.1621
0.0668	0.778	9.6221	-0.337	-0.0382	0.0265	0.2852	0.504	-0.9574	0.7463	2.1204	9.352	-0.247	0.0702	-0.0875	0.7451	-0.5052	-1.5133	9.4288	1.9757	-0.2259	-3.5522	-0.3754	-2.0712	-0.2101	-0.2882	-0.1681
0.3546	1.642	9.5724	-0.4898	-0.0363	0.0256	0.2483	0.3842	-0.9332	0.4027	2.1789	9.5779	-0.2751	0.1554	0.0735	0.7463	-0.4825	-1.4708	8.9664	1.9772	0.1639	-3.3991	-0.4422	-1.9529	-0.2281	-0.3002	-0.1681
0.0593	1.0654	9.2778	-0.4592	-0.1235	-0.1018	0.2493	0.4549	-0.9128	0.3462	2.6988	9.6935	0.0341	0.2439	0.0468	0.7623	-0.5045	-1.5343	9.85	2.2094	0.2952	-3.1586	-0.5574	-2.2684	-0.2281	-0.2942	-0.1621
0.0086	1.3547	9.6798	-0.4573	0.1219	-0.0579	0.2493	0.4549	-0.9128	0.633	2.5827	9.5246	-0.1218	0.1896	-0.0492	0.7267	-0.5758	-1.4703	9.7865	2.3835	0.0666	-2.9469	-0.9602	-2.2603	-0.2402	-0.2942	-0.1801
0.5958	1.3543	9.9789	-0.3988	-0.0418	0.1181	0.2669	0.4319	-0.9339	0.8053	2.1204	9.4111	0.3097	0.2161	-0.1115	0.7104	-0.4831	-1.5143	9.5566	1.8022	0.2886	-2.6112	-0.8717	-2.2277	-0.2522	-0.3002	-0.1681
0.3491	0.9494	9.2257	-0.4904	-0.1274	-0.01	0.2124	0.4551	-0.9359	0.4634	2.5255	9.7534	-0.0935	-0.0262	-0.0634	0.7451	-0.5052	-1.5133	9.8513	2.0349	0.3518	-2.1837	-0.5041	-2.2735	-0.2342	-0.3002	-0.1741
-0.1142	1.1812	9.3321	-0.5486	0.126	-0.1197	0.2861	0.4309	-0.8891	0.6324	2.1785	9.466	0.0983	0.4259	0.0894	0.7451	-0.5052	-1.5133	9.4919	2.0926	0.0034	-1.8803	-0.6586	-2.3455	-0.2342	-0.2942	-0.1801
0.0636	1.2389	9.5082	-0.4579	0.1176	0.0341	0.2485	0.4079	-0.9338	0.4618	2.1212	9.6369	0.1237	0.0287	0.0013	0.7628	-0.4813	-1.5345	9.4996	2.21	0.4024	-1.3321	-0.2563	-2.5444	-0.2161	-0.2882	-0.1801
-0.05	1.5854	9.6792	-0.2767	-0.0448	0.1495	0.2489	0.4555	-0.935	0.4614	2.4099	9.6372	0.0367	0.4592	0.0608	0.7617	-0.5511	-1.5125	9.79	2.3257	0.2374	-0.8446	0.2398	-2.7685	-0.2281	-0.2942	-0.1741
0.416	1.181	9.6875	-0.4308	-0.022	0.3649	0.2311	0.4548	-0.9132	0.4071	2.8144	9.8688	-0.2127	0.1836	0.1061	0.7457	-0.4586	-1.5351	9.7293	1.9762	0.1215	-0.3889	0.3967	-2.9793	-0.2342	-0.3002	-0.1741
0.2336	1.1227	9.2814	-0.4012	-0.2032	0.2632	0.2671	0.4557	-0.9345	0.6385	2.3521	9.8143	-0.1797	0.3353	0.1468	0.7263	-0.5285	-1.5561	9.6081	2.3252	-0.0508	0.0382	0.7345	-3.0575	-0.2221	-0.3002	-0.1681
0.2402	1.2965	9.6268	-0.4615	0.0357	0.46	0.2681	0.4064	-0.8668	0.8064	2.1205	9.4691	-0.1494	0.2072	0.2315	0.6917	-0.53	-1.5142	9.6739	1.9767	0.2913	0.2201	0.5483	-3.0687	-0.2221	-0.2882	-0.1681
0.0627	1.0658	9.4503	-0.5833	-0.0466	0.2704	0.2491	0.4312	-0.9122	0.6292	2.236	9.2921	-0.1773	0.4537	0.2477	0.7617	-0.5511	-1.5125	9.8516	1.802	0.3512	0.5844	0.3934	-3.1412	-0.2221	-0.2882	-0.1561
0.3049	0.8935	9.9145	-0.8301	-0.1152	0.4802	0.2305	0.4315	-0.9349	0.866	2.4093	9.5865	-0.0588	0.1825	0.0742	0.7628	-0.4813	-1.5345	9.9633	1.9758	0.069	0.9509	0.3238	-2.9941	-0.2281	-0.2942	-0.1741
0.4744	1.0655	9.6884	-0.7063	-0.0494	0.3616	0.2306	0.4553	-0.9354	0.6364	2.352	9.6983	-0.1496	0.2732	0.1426	0.7434	-0.5511	-1.5555	9.4934	1.7435	0.0595	1.1634	0.2307	-3.0314	-0.2221	-0.2882	-0.1621
0.3614	1.1238	9.8587	-0.89	-0.0484	0.3912	0.2484	0.4561	-0.9572	0.4638	2.179	9.753	-0.0265	0.305	0.0821	0.7097	-0.5297	-1.4925	9.4362	2.326	0.1737	1.2253	0.2888	-2.9366	-0.2402	-0.2822	-0.1621
0.5226	1.4102	9.2303	-0.951	-0.0462	0.3602	0.2664	0.4325	-0.9561	0.2232	2.5252	9.2851	-0.1169	0.2636	0.3282	0.7614	-0.5508	-1.5338	9.7871	1.9178	0.0655	1.3769	0.1336	-2.9459	-0.2161	-0.2882	-0.1741
0.1294	0.836	9.8534	-0.7955	0.2015	0.313	0.2503	0.4538	-0.8684	0.3471	1.9482	9.6926	-0.121	0.0882	0.1305	0.7453	-0.5289	-1.4704	9.4873	2.2085	-0.2242	1.1638	0.4481	-3.0816	-0.2281	-0.2942	-0.1681
0.3608	0.8354	9.8005	-0.7049	-0.0981	0.0824	0.1758	0.431	-0.9363	0.746	2.4091	9.3524	-0.0897	0.1507	0.1034	0.7623	-0.5045	-1.5343	9.7907	1.6854	0.2359	1.071	0.5173	-3.2925	-0.2281	-0.2882	-0.1741
0.1317	0.8363	9.9684	-0.6124	0.1095	0.2478	0.2306	0.4553	-0.9354	0.5206	2.2944	9.6961	-0.2083	0.3574	0.3347	0.7272	-0.4821	-1.5566	9.5	1.8025	0.4015	0.7642	0.3094	-3.4545	-0.2402	-0.2942	-0.1801
0.7068	1.1227	9.6931	-0.6743	0.1633	0.4347	0.2309	0.431	-0.9127	0.6364	2.352	9.6983	-0.1799	0.4336	0.029	0.7631	-0.505	-1.4916	9.4365	2.0931	0.1732	0.6439	0.367	-3.2968	-0.2221	-0.3002	-0.1741
0.3	1.5849	9.7437	-0.7336	0.0888	0.0615	0.2322	0.4774	-0.8694	0.8151	1.8324	9.9328	-0.2994	0.4497	0.3721	0.745	-0.5287	-1.4917	9.3168	1.9765	0.0567	0.4002	0.1815	-3.2122	-0.2221	-0.3122	-0.1681
0.3625	1.1816	9.9164	-0.7938	0.1836	0.0354	0.2677	0.407	-0.889	0.756	1.8901	9.8738	-0.2424	0.3408	0.0543	0.7435	-0.5277	-1.5771	9.5526	1.3359	0.0596	0.185	-0.0907	-3.3169	-0.2402	-0.3002	-0.1681
0.1136	1.2378	9.1068	-0.7935	0.2145	0.0371	0.2503	0.4538	-0.8684	0.6905	2.1206	9.467	-0.0839	0.4153	0.3689	0.7456	-0.4821	-1.5135	9.8454	2.3252	0.0676	0.0355	-0.1628	-2.9504	-0.2281	-0.2882	-0.1621
0.4696	1.1226	9.4585	-0.5201	0.1406	0.2193	0.2319	0.5018	-0.8922	0.4542	2.3516	9.2311	-0.091	0.1568	-0.0204	0.7442	-0.5282	-1.5344	9.6188	1.7443	0.4605	0.0047	-0.1923	-2.9824	-0.2402	-0.2822	-0.1561
0.5815	1.0066	9.2305	-0.5189	0.236	0.163	0.23	0.4321	-0.9571	0.4639	2.0636	9.7528	0.0939	0.0892	0.0364	0.7617	-0.5511	-1.5125	9.4992	2.5593	0.4033	0.0964	-0.1633	-2.9509	-0.2281	-0.3062	-0.1741
0.1278	1.0665	9.7965	-0.3966	0.1182	0.0038	0.2507	0.4532	-0.8462	0.8684	2.1785	9.7022	0.0344	0.2424	0.0777	0.7445	-0.5519	-1.4915	9.6692	2.209	0.064	-0.2693	-0.2217	-2.951	-0.2221	-0.2942	-0.1861
0.6448	1.353	9.52	-0.2448	0.0797	0.1256	0.2504	0.4776	-0.8689	0.4077	2.3525	9.8682	-0.0642	0.0454	-0.2762	0.7452	-0.4818	-1.5349	9.3225	1.8608	0.3413	-0.4801	0.0213	-2.7829	-0.2041	-0.2942	-0.1681
0.1885	0.9514	9.9123	-0.7336	0.0888	0.0615	0.2121	0.4076	-0.9348	0.7495	2.0629	9.526	-0.0893	0.246	0.0475	0.7104	-0.4831	-1.5143	9.7222	2.3247	-0.2195	-0.5093	0.2042	-2.7116	-0.2281	-0.3002	-0.1801
0.0167	1.3557	10.0824	-0.6424	0.026	0.0587	0.2483	0.3842	-0.9332	0.459	1.8322	9.4625	-0.3018	0.3635	0.2424	0.7437	-0.5514	-1.5342	9.6103	2.3255	0.0631	-0.7229	0.208	-2.7712	-0.2221	-0.3062	-0.1681
-0.0576	1.3539	9.2761	-0.1514	0.1768	0.0085	0.2664	0.4325	-0.9561	0.8672	2.2939	9.6444	-0.5199	0.41	-0.002	0.6758	-0.4376	-1.5368	9.5517	2.1509	0.0616	-0.7844	0.0229	-2.7495	-0.2221	-0.3002	-0.1561
0.2998	1.1235	9.685	-0.9808	-0.1283	0.1405	0.2489	0.4555	-0.935	0.2287	2.2946	9.5749	-0.2748	0.3812	-0.1292	0.7095	-0.5061	-1.5354	9.4968	2.7337	0.2898	-0.8446	0.0205	-2.6569	-0.2281	-0.2942	-0.1861
0.2463	1.1242	9.9139	-1.4069	0.0652	0.0866	0.2666	0.4562	-0.9567	0.4607	2.1788	9.5789	-0.027	0.4048	-0.0667	0.7107	-0.4834	-1.4929	9.5482	2.3251	-0.1089	-0.9663	-0.1978	-2.5443	-0.2281	-0.2942	-0.1741
0.1222	1.0082	9.5088	-0.5507	0.0248	0.0592	0.2295	0.4327	-0.9792	0.3407	2.1209	9.3447	-0.1173	0.428	0.1215	0.727	-0.529	-1.5134	9.4375	2.2097	0.2304	-1.3018	-0.2873	-2.5462	-0.2161	-0.2942	-0.1681
0.6481	1.4111	9.6926	-0.4608	-0.0173	0.2727	0.2113	0.4325	-0.9797	0.6324	2.2362	9.4661	-0.0251	0.4279	0.0901	0.762	-0.5042	-1.5556	9.4353	2.1512	0.1163	-1.147	-0.361	-2.2131	-0.2221	-0.2942	-0.1621
-0.1619	1.1249	9.8483	-0.889	-0.1001	0.1733	0.2495	0.4787	-0.9133	0.4635	2.41	9.7533	-0.245	0.353	-0.1933	0.7442	-0.5282	-1.5344	9.852	2.4425	0.4097	-1.2974	-0.4609	-1.9403	-0.2342	-0.3062	-0.1681
0.2913	1.3532	9.2831	-0.735	0.0802	0.2454	0.2311	0.4548	-0.9132	0.6924	2.2363	9.5832	-0.1495	0.4023	0.0269	0.7446	-0.5284	-1.5131	9.7881	1.9762	0.1226	-1.3549	-0.3799	-1.5666	-0.2161	-0.2882	-0.1621
0.3545	1.123	9.5137	-0.6441	-0.0429	0.2087	0.305	0.5263	-0.8909	0.4057	2.2946	9.7521	-0.0561	0.4945	0.0014	0.7622	-0.5279	-1.5127	9.3776	2.2096	0.1723	-1.2631	-0.2258	-1.5901	-0.2221	-0.3062	-0.1621
0.239	1.2963	9.5693	-0.6735	-0.0354	0.0552	0.2672	0.4076	-0.9112	0.4578	2.0054	9.4047	-0.059	0.3131	-0.0725	0.7634	-0.5052	-1.4702	9.9619	2.2667	0.0127	-1.2642	-0.3152	-1.687	-0.2462	-0.3002	-0.1681
0.1794	1.4693	9.5111	-0.7331	0.0343	-0.0951	0.2311	0.4548	-0.9132	0.8652	2.236	9.5283	-0.092	0.3887	-0.3469	0.7807	-0.5044	-1.4912	9.9669	1.8016	0.2395	-1.2924	-0.3238	-1.4105	-0.2342	-0.3002	-0.1741
0.3623	0.6626	9.8576	-0.6439	-0.1003	0.1134	0.2485	0.4079	-0.9338	0.7501	2.4094	9.5844	-0.2146	0.2572	-0.1375	0.7461	-0.4589	-1.5138	9.6105	2.0926	0.0626	-1.2293	-0.3014	-1.1638	-0.2281	-0.2942	-0.1681
0.1233	1.0083	9.5663	-0.4275	-0.0005	-0.095	0.2132	0.4302	-0.8909	0.4023	1.6592	9.5192	0.096	0.4042	-0.0983	0.71	-0.4829	-1.5356	9.1401	2.326	0.0542	-1.1392	-0.5791	-1.179	-0.2281	-0.3002	-0.1741
0.2367	1.2961	9.4543	-0.4564	0.2733	0.0117	0.2136	0.4297	-0.8687	0.6945	2.2364	9.6992	0.036	0.4299	0.0278	0.7277	-0.5294	-1.4707	9.4378	1.8604	0.2296	-1.2908	-0.6115	-1.0872	-0.2161	-0.2942	-0.1621
0.2469	0.836	9.9132	-0.1813	0.3271	0.1085	0.2311	0.4548	-0.9132	0.4589	1.9477	9.4626	-0.0594	0.2178	-0.0166	0.7636	-0.4818	-1.4918	9.493	2.0928	0.0604	-1.1691	-0.5183	-1.1449	-0.2161	-0.2942	-0.1681
0.2959	1.3537	9.5131	-0.2734	0.093	-0.1505	0.2486	0.4798	-0.9577	0.4598	2.0055	9.5207	0.0945	0.249	-0.0774	0.7268	-0.5524	-1.4919	9.5585	2.0353	0.4031	-0.866	-0.6092	-1.2751	-0.2221	-0.3002	-0.1561
0.4738	1.3538	9.6891	-0.3336	0.304	-0.0166	0.2489	0.4555	-0.935	0.9292	2.4096	9.8776	0.0643	0.2465	-0.0153	0.746	-0.4823	-1.4922	9.2031	1.5114	0.2243	-0.8327	-0.5578	-0.9652	-0.2221	-0.2942	-0.1681
0.0723	0.8939	9.9099	-0.2148	-0.0118	0.0902	0.2669	0.4319	-0.9339	0.7508	1.8898	9.5838	-0.1511	0.1825	0.1057	0.7631	-0.505	-1.4916	9.9089	2.0929	0.296	-0.6209	-0.5854	-1.1221	-0.2342	-0.3122	-0.1621
0.2446	0.8357	9.7982	-0.4582	0.0867	0.0324	0.2496	0.4306	-0.89	0.7581	1.8903	9.9899	-0.1802	0.2722	0.1738	0.7805	-0.4807	-1.5342	9.374	2.3838	0.0019	-0.5266	-0.3161	-0.8936	-0.2161	-0.2942	-0.1621
0.0694	1.1819	9.7956	-0.5199	-0.0036	-0.0035	0.2667	0.4081	-0.9333	0.4604	2.352	9.5792	-0.2121	0.4401	-0.0946	0.7618	-0.5276	-1.5341	9.6726	2.1512	0.2347	-0.1601	-0.1038	-0.8856	-0.2402	-0.2882	-0.1561
0.0145	0.7211	9.9083	-0.4286	0.0218	0.0906	0.2495	0.4787	-0.9133	0.2856	2.2944	9.5179	-0.1491	0.4008	0.0578	0.7086	-0.529	-1.5565	10.024	2.2671	0.1848	0.0548	0.1693	-0.8116	-0.2342	-0.2942	-0.1801
-0.0053	1.4107	8.9899	-0.4907	-0.0126	0.1806	0.266	0.433	-0.9783	0.5197	2.1211	9.6379	0.0051	0.3982	0.0569	0.746	-0.4823	-1.4922	9.3764	2.2677	0.1155	-0.0413	0.032	-1.3099	-0.2402	-0.3002	-0.1801
0.2378	0.7772	9.453	-0.4604	-0.0733	0.1468	0.2141	0.4291	-0.8465	0.0552	2.0061	9.5714	-0.2447	0.3192	-0.1334	0.7634	-0.5052	-1.4702	9.6123	2.5004	0.1775	-0.0708	-0.0342	-1.1594	-0.2221	-0.3002	-0.1861
0.1788	1.1809	9.4529	-0.2773	-0.0491	0.2415	0.2489	0.4555	-0.935	0.6312	2.3516	9.4082	-0.0879	0.3367	0.0844	0.7446	-0.5284	-1.5131	9.7991	2.1522	0.6927	-0.0114	0.0337	-1.3716	-0.2221	-0.2942	-0.1741
0.0569	1.6994	9.2218	-0.3674	0.021	0.091	0.2318	0.478	-0.8916	0.4564	2.294	9.347	0.0016	0.1875	-0.0499	0.7803	-0.5042	-1.5126	9.7315	2.0347	0.2356	0.2048	0.3645	-1.1717	-0.2161	-0.2882	-0.1561
0.355	0.8924	9.5131	-0.4324	-0.1777	0.3873	0.1936	0.4317	-0.958	0.6375	2.2943	9.7562	-0.3068	0.2249	-0.0771	0.7626	-0.4576	-1.5774	9.5529	2.0928	0.1184	0.3304	0.568	-0.8239	-0.2281	-0.2882	-0.1621
0.1217	1.2388	9.5093	0.2746	0.0407	0.1576	0.2313	0.4785	-0.9138	0.6354	2.2942	9.6402	-0.0335	0.2077	-0.4521	0.7446	-0.5284	-1.5131	9.6184	2.0936	0.4614	0.4218	0.7548	-0.9072	-0.2161	-0.3062	-0.1681
0.1171	1.2382	9.2793	-1.0425	-0.073	0.2967	0.2149	0.4761	-0.8255	0.5755	2.2363	9.5231	-0.213	0.4447	-0.1874	0.7458	-0.5057	-1.4706	9.6698	1.6851	0.0627	0.6974	1.091	-0.8919	-0.2221	-0.2882	-0.1681
0.5244	1.0645	9.287	-1.321	-0.4396	0.2753	0.2673	0.4795	-0.9351	0.4635	2.41	9.7533	-0.1891	0.1196	-0.4881	0.7791	-0.5269	-1.555	9.7888	2.3256	0.1804	0.6666	1.4684	-1.118	-0.2221	-0.2882	-0.1621
-0.179	1.0652	8.9856	0.0583	-0.2622	0.0785	0.2124	0.4551	-0.9359	0.4059	2.1214	9.7519	-0.1874	0.1765	-0.3913	0.7266	-0.5287	-1.5348	10.08	1.8009	0.0139	1.0925	1.6543	-1.2656	-0.2281	-0.3122	-0.1681
0.0698	1.009	9.7952	-1.0752	-0.3194	0.2833	0.2685	0.454	-0.8679	0.4636	2.3523	9.7532	-0.3427	0.1192	-0.4254	0.7447	-0.505	-1.5347	9.7224	2.2082	-0.2197	1.7622	2.1508	-1.5527	-0.2161	-0.3002	-0.1681
0.1159	1.2381	9.2218	0.1204	-0.0822	0.1808	0.2859	0.4791	-0.9124	0.4581	2.5829	9.4634	-0.3698	0.4594	-0.4342	0.6913	-0.5532	-1.5139	9.7903	2.0347	0.2367	1.7282	2.1649	-1.9822	-0.2221	-0.2942	-0.1801
0.3474	1.2375	9.1689	-0.8313	-0.3563	0.3444	0.1945	0.4306	-0.9136	0.4625	2.4099	9.6953	-0.2189	0.4075	-0.6866	0.728	-0.4826	-1.5139	9.908	1.9181	0.2387	2.1827	2.3892	-2.374	-0.2221	-0.3062	-0.1621
0.3555	0.6042	9.5124	-1.0451	-0.2933	0.3771	0.2308	0.4791	-0.936	0.3511	2.1217	9.9248	-0.4014	0.3984	-0.438	0.7611	-0.5272	-1.5768	9.9622	1.9757	0.012	2.6344	2.1857	-2.8803	-0.2161	-0.3002	-0.1801
0.2969	0.8349	9.5118	-0.648	-0.4469	0.2485	0.2482	0.4323	-0.9566	0.5796	2.2944	9.7552	-0.2756	0.5148	-0.3378	0.7793	-0.5505	-1.5121	9.3825	1.8027	0.3992	2.7228	1.9149	-3.1103	-0.2101	-0.3122	-0.1801
-0.052	1.4699	9.5639	-0.8917	-0.4085	0.1568	0.2496	0.4306	-0.89	0.5219	2.0635	9.7539	-0.5517	0.4473	-0.1236	0.7785	-0.5735	-1.5332	9.6203	2.385	0.576	2.7489	1.5245	-3.4383	-0.2221	-0.2942	-0.1621
0.0094	0.9512	9.6789	-0.9535	-0.4121	0.2484	0.2127	0.4308	-0.9131	0.3416	2.2365	9.4029	-0.2743	0.5087	-0.214	0.7104	-0.4831	-1.5143	9.6104	2.2091	0.0629	3.0821	1.341	-3.5736	-0.2281	-0.3002	-0.1741
-0.0462	1.4129	9.8513	-0.7687	-0.2602	0.2577	0.2507	0.4532	-0.8462	0.6364	2.352	9.6983	-0.2766	0.2597	-0.1681	0.7097	-0.5297	-1.4925	9.7842	2.4996	-0.047	3.3267	1.335	-3.4529	-0.2281	-0.3002	-0.1801
0.1258	0.8933	9.681	-0.7404	-0.3338	0.4999	0.232	0.4536	-0.8688	0.982	2.3514	9.5885	-0.4581	0.4735	-0.0603	0.7249	-0.5746	-1.577	9.7942	2.5009	0.4657	3.6637	1.5436	-3.3218	-0.2342	-0.3062	-0.1741
0.4719	1.1229	9.5735	-0.4644	-0.2448	0.5064	0.2121	0.4795	-0.9587	0.4049	2.0636	9.6938	-0.5247	0.2377	-0.2616	0.7447	-0.505	-1.5347	9.3202	1.977	0.2276	4.4861	1.9743	-3.5213	-0.2221	-0.3002	-0.1741
0.296	0.7194	9.4541	-0.3407	-0.0921	0.5154	0.2485	0.4079	-0.9338	0.5793	2.4676	9.7554	-0.3364	0.4468	-0.1867	0.7605	-0.5738	-1.555	9.0251	2.0354	0.1652	4.9162	2.3629	-3.2587	-0.2161	-0.3122	-0.1741
0.1904	1.1246	10.0278	-0.067	-0.1925	0.604	0.2134	0.454	-0.8915	0.7496	2.0052	9.5259	-0.4337	0.276	-0.4458	0.7461	-0.4589	-1.5138	9.5559	2.3843	0.29	5.2555	2.7502	-2.9338	-0.2221	-0.2942	-0.1801
0.5241	1.2374	9.2874	-0.2488	0.0537	0.6775	0.2314	0.4304	-0.8905	0.4037	2.2367	9.636	-0.494	0.1404	-0.1749	0.7805	-0.4807	-1.5342	9.5572	2.268	0.3467	5.9893	3.1709	-2.7949	-0.2101	-0.3062	-0.1501
-0.0463	0.8939	9.7926	-0.3452	-0.2959	0.904	0.2507	0.4532	-0.8462	0.6374	2.4098	9.7564	-0.4678	-0.0003	-0.4636	0.7094	-0.5295	-1.5138	9.5561	2.2097	0.2896	6.5135	3.5479	-2.1954	-0.2281	-0.2942	-0.1561
0.1845	1.2392	9.7405	-0.2776	0.1818	0.5919	0.2495	0.4787	-0.9133	0.4541	2.4093	9.2311	-0.0913	0.2228	-0.1093	0.7456	-0.4821	-1.5135	9.9097	2.3841	0.3537	7.1218	3.9526	-2.4868	-0.2221	-0.2882	-0.1681
0.3536	1.0076	9.4559	-0.1248	0.1505	0.5605	0.2135	0.4778	-0.8921	0.7562	2.5831	9.9327	-0.6436	0.3813	-0.0033	0.7266	-0.5287	-1.5348	9.6115	2.2092	0.1198	7.4591	4.0035	-2.2409	-0.2342	-0.2942	-0.1801
0.2998	1.1235	9.685	-0.247	0.1815	0.5921	0.2487	0.4317	-0.9344	0.4591	2.5829	9.5214	-0.2427	0.3746	-0.0056	0.7465	-0.4591	-1.4924	9.8517	2.6753	0.4103	7.9133	4.0095	-2.5518	-0.2281	-0.2942	-0.1681
0.3537	0.9499	9.4558	-0.3386	0.1547	0.5286	0.2498	0.4544	-0.8906	0.466	2.1215	9.8689	-0.9798	0.5024	0.1613	0.727	-0.529	-1.5134	9.56	1.7444	0.4594	7.3658	3.9178	-2.4291	-0.2161	-0.2942	-0.1741
0.2354	0.7769	9.338	-0.1889	-0.1013	0.6695	0.25	0.4782	-0.8911	0.5162	2.4096	9.4642	-0.2698	0.5198	0.1903	0.7267	-0.5053	-1.5564	9.3796	2.3845	0.2867	7.4207	3.5648	-2.9706	-0.2221	-0.2882	-0.1681
0.3026	0.8932	9.7995	-0.5846	0.1198	0.6788	0.2485	0.4079	-0.9338	0.2898	2.2947	9.75	-0.5209	0.3823	-0.0659	0.7623	-0.5045	-1.5343	9.7896	2.6168	0.2381	7.297	3.2601	-3.047	-0.2281	-0.3002	-0.1741
0.3452	1.1796	9.0538	-0.5534	-0.0219	0.3948	0.2493	0.4549	-0.9128	0.5749	2.6405	9.5236	-0.8853	0.329	0.5222	0.6914	-0.5298	-1.5355	9.377	2.7335	0.1736	7.0159	2.883	-3.71	-0.2161	-0.3062	-0.1801
0.2441	1.0663	9.7988	-0.2479	0.0595	0.5548	0.2325	0.4531	-0.8466	0.4654	2.5256	9.8694	0.0364	0.2979	0.2055	0.7632	-0.4815	-1.5132	9.4969	2.6172	0.2895	6.7125	3.1318	-3.6946	-0.2402	-0.3002	-0.1741
0.2965	1.0655	9.5124	-0.705	0.0755	0.3376	0.2509	0.477	-0.8467	0.5734	2.2362	9.407	-0.2102	0.3665	0.149	0.7636	-0.4818	-1.4918	9.7267	2.3834	0.0086	6.4045	2.9288	-4.0101	-0.2221	-0.3182	-0.1681
0.0083	0.951	9.6214	-0.0931	0.1573	0.4074	0.2669	0.4319	-0.9339	0.5808	2.1212	9.813	-0.2412	0.2703	0.236	0.7452	-0.4818	-1.5349	9.4923	2.7331	0.0619	6.0093	3.1485	-4.0262	-0.2281	-0.3062	-0.1801
0.3032	0.605	9.7988	-0.5228	-0.0517	0.3627	0.2498	0.4544	-0.8906	0.5156	2.063	9.4058	-0.4583	0.3445	0.0555	0.7634	-0.5052	-1.4702	9.6648	2.1502	-0.164	5.2137	2.763	-4.2858	-0.2342	-0.3062	-0.1621
0.5262	1.353	9.4027	-0.8308	-0.0328	0.6998	0.2489	0.4555	-0.935	0.6914	2.2362	9.5252	-0.1834	0.2551	-0.1068	0.7278	-0.506	-1.4923	9.2586	2.4424	0.1137	4.6352	2.8305	-4.3083	-0.2342	-0.3182	-0.1681
0.3616	1.0085	9.8584	-0.4923	0.0641	0.5228	0.2485	0.4079	-0.9338	0.4546	2.0629	9.2307	-0.4569	0.4352	0.0925	0.7429	-0.5743	-1.5553	9.5546	2.5588	0.2335	3.963	2.6882	-4.4947	-0.2161	-0.3122	-0.1681
-0.162	1.1825	9.8485	-0.5846	-0.0258	0.4866	0.23	0.4321	-0.9571	0.9216	2.64	9.4718	-0.0249	0.2974	0.2368	0.7268	-0.5524	-1.4919	9.4295	2.3251	-0.1681	3.0798	2.8524	-4.5712	-0.2101	-0.3062	-0.1681
0.3605	1.0084	9.8009	-0.2173	0.0297	0.5227	0.2303	0.4078	-0.9343	0.6358	2.0055	9.6398	-0.7061	0.2564	0.0509	0.7277	-0.4589	-1.5568	9.6107	1.918	0.0622	2.1006	2.6283	-5.0053	-0.2101	-0.3122	-0.1621
0.5267	1.0647	9.402	-0.0044	-0.1259	0.485	0.2311	0.4548	-0.9132	0.5792	2.5831	9.7556	-0.4595	0.1877	0.1074	0.7465	-0.4591	-1.4924	9.493	2.0928	0.0604	1.6118	2.5757	-5.1578	-0.2221	-0.3122	-0.1741
0.2405	1.1235	9.6264	-0.1894	-0.2498	0.5386	0.212	0.4557	-0.9581	0.6922	2.4095	9.5834	-0.274	0.2476	0.0794	0.7087	-0.5761	-1.492	9.2031	2.5594	0.2838	1.0308	2.4962	-5.4032	-0.2281	-0.3122	-0.1681
0.4082	1.0647	9.2847	-0.0032	-0.0598	0.3963	0.2495	0.4787	-0.9133	0.634	2.5828	9.5826	-0.4271	0.3424	0.0863	0.7275	-0.5058	-1.5137	9.5525	2.4421	0.1193	0.5124	2.5343	-5.4892	-0.2281	-0.3182	-0.1861
0.0729	1.1823	9.9681	0.1194	-0.1174	0.2711	0.2484	0.4561	-0.9572	0.6925	2.1208	9.583	-0.2141	0.1574	0.0112	0.7275	-0.5058	-1.5137	9.9102	2.9081	0.4119	0.1761	2.8239	-5.7789	-0.2161	-0.3062	-0.1621
0.3493	1.4107	9.2844	-0.4611	-0.107	0.2064	0.2307	0.4072	-0.9121	0.7524	2.2363	9.7002	-0.3421	-0.1435	-0.1009	0.7274	-0.4587	-1.5782	9.6129	2.9662	0.2356	0.0538	2.9519	-5.8943	-0.2281	-0.3122	-0.1681
0.3614	1.1238	9.8587	0.2449	0.1924	0.227	0.2496	0.4306	-0.89	0.7524	2.2941	9.7003	-0.3399	0.041	-0.0889	0.7463	-0.4825	-1.4708	9.3796	2.3845	0.2867	-0.2199	3.3284	-6.0262	-0.2342	-0.3302	-0.1741
0.0075	0.7779	9.5634	-0.9514	-0.1653	0.2616	0.2491	0.4312	-0.9122	0.8146	2.1788	9.9333	-0.3075	0.1957	-0.1101	0.7635	-0.4347	-1.5563	9.5515	2.3256	0.062	0.0567	3.4731	-5.8057	-0.2161	-0.3182	-0.1681
0.292	1.0073	9.2822	0.2132	0.04	0.1879	0.2477	0.4328	-0.9788	0.9808	2.4668	9.5307	-0.4015	0.1065	-0.1465	0.7631	-0.505	-1.4916	9.3782	2.6754	0.2304	0.0281	3.5597	-5.6164	-0.2281	-0.3122	-0.1681
0.123	1.1813	9.5667	-0.5228	-0.0517	0.3627	0.2666	0.4562	-0.9567	0.7524	2.2363	9.7002	-0.2788	0.043	-0.1512	0.728	-0.4826	-1.5139	9.673	2.7917	0.2933	-0.0905	3.2353	-5.0789	-0.2221	-0.2942	-0.1621
0.6454	1.0071	9.5192	-0.0018	-0.0218	0.2447	0.2493	0.4549	-0.9128	0.3398	1.9476	9.2865	-0.8936	0.1733	-0.0778	0.7638	-0.4349	-1.535	9.6666	2.4998	-0.0492	-0.0944	3.2819	-5.5684	-0.2161	-0.3242	-0.1801
0.2951	1.1806	9.4552	-0.0608	0.2846	0.3222	0.2127	0.4308	-0.9131	0.0013	2.122	9.8026	-0.3089	0.105	-0.147	0.7447	-0.505	-1.5347	9.2018	2.6756	0.2271	-0.1591	3.0778	-5.9167	-0.2221	-0.3182	-0.1801
0.1255	1.0662	9.6814	-0.0009	0.1884	0.3789	0.2668	0.48	-0.9573	0.8675	2.9291	9.7032	-0.6738	0.4111	0.0298	0.762	-0.5042	-1.5556	9.4958	2.6171	0.2325	-0.1329	3.1568	-6.4663	-0.2281	-0.3002	-0.1741
0.3539	0.8346	9.4555	-0.6744	0.1339	0.4024	0.2683	0.4302	-0.8673	0.342	2.6985	9.4615	-0.6458	0.1969	-0.0153	0.7803	-0.5042	-1.5126	9.7852	2.6162	0.0102	-0.377	2.9415	-6.414	-0.2281	-0.3242	-0.1921
0.2471	1.2973	9.9718	-0.0332	0.0317	0.4318	0.2661	0.4568	-0.9789	0.9759	2.2355	9.2403	-0.3359	0.3147	-0.0091	0.7104	-0.4831	-1.5143	9.7308	2.675	0.2371	-0.3461	3.0336	-6.4095	-0.2281	-0.3242	-0.1801
0.3555	1.1808	9.5713	-0.5199	0.2582	0.3486	0.2117	0.4801	-0.9809	0.8178	2.1213	10.1072	-0.5249	0.0441	-0.0879	0.6916	-0.5535	-1.4926	9.497	2.5008	0.2892	0.0479	3.0063	-6.6294	-0.2281	-0.3182	-0.1681
0.3542	0.7193	9.4552	-0.4915	0.1566	0.5277	0.23	0.4321	-0.9571	0.465	2.0636	9.8108	-0.8005	0.1042	0.0415	0.7442	-0.5282	-1.5344	9.6181	2.3265	0.4619	0.2294	2.8529	-6.7003	-0.2101	-0.3242	-0.1681
0.1214	1.4117	9.5098	-0.5204	0.1391	0.25	0.2669	0.4319	-0.9339	0.9863	2.2939	9.8205	-0.8906	0.1919	0.1718	0.7457	-0.4586	-1.5351	9.6124	2.4422	0.1774	0.1985	2.8551	-6.7615	-0.2281	-0.3182	-0.1741
0.0106	0.9513	9.7364	-0.7048	0.1931	0.4668	0.2307	0.4072	-0.9121	0.4682	2.0061	9.9848	-0.7055	0.2211	0.1418	0.7614	-0.5508	-1.5338	9.438	2.6755	0.2885	0.4426	2.7261	-6.6472	-0.2462	-0.3122	-0.1681
0.185	0.951	9.7398	-0.8862	0.1805	0.1269	0.2667	0.4081	-0.9333	0.5716	2.0051	9.2907	-0.3334	0.3025	0.2385	0.7102	-0.5066	-1.4927	9.8526	2.8501	0.4677	1.0507	2.6306	-6.7186	-0.2342	-0.3062	-0.1621
0.2454	1.0088	9.8561	-0.0901	0.2642	0.1058	0.2876	0.453	-0.823	0.4639	2.0636	9.7528	-0.2125	0.1498	0.166	0.7432	-0.5745	-1.534	9.7354	2.5592	0.4647	1.0805	2.8209	-6.8934	-0.2281	-0.3122	-0.1921
-0.2314	1.066	9.272	0.0643	0.4753	0.1795	0.2488	0.3836	-0.911	0.8131	2.5829	9.8758	0.0647	0.2772	-0.0133	0.7443	-0.5753	-1.4699	9.4948	2.4423	0.1751	1.5373	2.6919	-6.8424	-0.2281	-0.3242	-0.1561
0.3611	0.7201	9.8002	-0.3378	-0.044	0.1491	0.2319	0.4298	-0.8683	0.4583	2.4096	9.4632	0.0351	0.3039	0.0817	0.7444	-0.5048	-1.556	9.492	2.966	0.0625	1.4175	2.8727	-6.6782	-0.2221	-0.3122	-0.1801
0.1224	0.8929	9.5085	-0.2137	0.141	0.1291	0.2124	0.4551	-0.9359	0.5777	2.121	9.639	-0.4891	0.345	0.0557	0.7462	-0.506	-1.4493	9.3217	2.6176	0.3431	1.053	2.8411	-6.5539	-0.2161	-0.3002	-0.1861
0.3583	0.9505	9.6858	-0.4884	0.0606	-0.0614	0.2484	0.4561	-0.9572	0.4082	1.9483	9.8677	0.1884	0.3382	-0.041	0.7444	-0.5048	-1.556	9.905	2.5581	0.1263	0.7498	2.8695	-6.3962	-0.2281	-0.3062	-0.1681
0.5885	1.0074	9.5755	-0.487	0.0986	-0.213	0.2492	0.5031	-0.9361	0.4052	1.8326	9.6935	-0.5522	0.2875	-0.0098	0.7622	-0.5279	-1.5127	9.6724	2.3841	0.2353	0.6911	3.0179	-6.2035	-0.2342	-0.3242	-0.1861
0.1858	1.124	9.7977	-0.701	0.044	-0.3095	0.303	0.4566	-0.9557	0.5815	1.6016	9.8123	-0.5205	0.1857	0.1697	0.6907	-0.5293	-1.5782	9.6665	2.6162	-0.049	0.5089	3.2994	-6.2796	-0.2221	-0.3122	-0.1921
0.2389	1.354	9.5694	-0.7621	0.0742	-0.2776	0.2313	0.4785	-0.9138	0.6301	2.4093	9.3503	-0.0916	-0.0353	0.1223	0.7266	-0.5287	-1.5348	9.6214	2.3851	0.633	0.3564	2.7379	-6.0309	-0.2221	-0.3062	-0.1561
0.1821	0.6623	9.5666	-0.9759	0.224	-0.1172	0.2305	0.4315	-0.9349	0.8084	2.1784	9.5852	-0.0265	0.1099	0.2867	0.7258	-0.5517	-1.5559	9.7338	1.9768	0.3494	0.8103	2.4323	-6.2349	-0.2221	-0.3182	-0.1861
0.5378	0.7201	9.9187	-1.0701	0.0343	-0.0051	0.2138	0.4534	-0.8693	0.859	2.2355	9.1802	-0.1509	0.052	0.2525	0.7446	-0.5284	-1.5131	9.268	2.0943	0.5686	0.9321	2.1811	-6.126	-0.2041	-0.3362	-0.1801
0.1763	1.2959	9.3381	-0.4871	0.1854	-0.0854	0.2851	0.4321	-0.9334	0.4609	2.0056	9.5787	0.0666	0.073	0.377	0.7795	-0.5271	-1.5337	9.3731	2.209	-0.0555	0.8995	2.0642	-6.3163	-0.2161	-0.3242	-0.1741
0.3577	0.6621	9.6276	-1.3479	-0.0662	0.2337	0.2495	0.4787	-0.9133	0.4008	2.0055	9.4616	-0.0526	0.2827	0.5465	0.7622	-0.5279	-1.5127	9.6225	2.3852	0.6899	1.1432	1.6552	-6.1243	-0.2161	-0.3302	-0.1561
0.0094	0.9512	9.6789	-0.8256	-0.057	-0.1006	0.2325	0.4531	-0.8466	0.2858	2.179	9.5178	-0.088	0.2077	0.2002	0.7436	-0.5748	-1.5126	9.2594	2.7919	0.1715	1.2632	1.3792	-6.2012	-0.2101	-0.3182	-0.1741
0.0105	1.009	9.7365	-0.797	-0.1866	0.0156	0.2495	0.4787	-0.9133	0.8697	2.0053	9.76	0.3429	0.0744	0.2517	0.7447	-0.505	-1.5347	9.4984	2.2681	0.3456	1.5059	1.2243	-6.2419	-0.2161	-0.3242	-0.1861
0.2418	1.066	9.6838	-1.0428	-0.22	0.1352	0.2126	0.4789	-0.9365	0.6354	2.2942	9.6402	0.1287	0.1027	0.3787	0.7099	-0.5063	-1.514	9.7282	2.0343	0.0647	1.2335	1.1264	-5.9988	-0.2101	-0.3182	-0.1741
0.2363	0.95	9.396	-0.671	0.0687	-0.1851	0.2131	0.4784	-0.9143	0.4099	2.2949	9.9841	0.1283	0.0397	0.4056	0.7978	-0.5271	-1.4906	9.6136	2.3841	0.2342	1.1167	1.3896	-5.5229	-0.2281	-0.3242	-0.1681
-0.0467	1.1245	9.7931	-1.1262	0.33	-0.3584	0.2498	0.4544	-0.8906	0.4103	1.9485	9.9837	0.1883	0.014	0.2795	0.7625	-0.481	-1.5559	9.791	2.4423	0.2947	0.3907	1.4704	-4.9593	-0.2161	-0.3242	-0.1741
0.0677	0.8934	9.6799	-1.1862	0.513	-0.2875	0.2487	0.4317	-0.9344	0.9858	1.832	9.7619	-0.1206	-0.1084	0.3661	0.7104	-0.4831	-1.5143	9.078	2.3257	-0.1178	0.1206	1.4887	-4.4949	-0.2161	-0.3362	-0.1741
0.3531	1.2382	9.4565	-0.6994	0.1997	-0.3319	0.2859	0.4791	-0.9124	0.6969	2.0056	9.8149	0.4262	-0.3379	-0.1792	0.7457	-0.4586	-1.5351	9.26	2.2097	0.1701	-0.3951	1.1408	-4.0783	-0.2221	-0.3242	-0.1801
0.2406	1.0659	9.6262	-0.8516	0.2354	-0.3925	0.2484	0.4561	-0.9572	0.575	2.5828	9.5235	0.6146	-0.2271	0.0135	0.7632	-0.4815	-1.5132	9.5624	2.618	0.6324	-0.7575	0.7877	-3.5402	-0.2281	-0.3182	-0.1681
0.0714	0.7785	9.8521	-1.067	0.2295	-0.2097	0.2131	0.4784	-0.9143	0.6932	2.4096	9.6414	0.1265	0.1456	0.1331	0.7632	-0.4815	-1.5132	9.1971	1.9182	-0.0596	-1.3034	0.6892	-3.2026	-0.2161	-0.3182	-0.1621
0.2443	0.951	9.7985	-0.6368	0.3826	-0.291	0.2687	0.4778	-0.8685	0.345	2.0058	9.5766	0.5833	-0.0945	-0.164	0.7808	-0.481	-1.5128	9.6146	2.5007	0.2914	-1.1517	-0.0297	-2.9338	-0.2161	-0.3182	-0.1801
0.0743	0.4905	9.9664	-0.4229	0.4666	-0.1622	0.2672	0.5276	-0.9584	0.4629	2.0635	9.6948	-0.1549	-0.0589	-0.0031	0.762	-0.5042	-1.5556	9.4464	2.2108	0.6862	-1.4879	-0.3038	-2.9453	-0.2161	-0.3242	-0.1801
0.127	0.8934	9.7385	-0.1766	0.3867	-0.5029	0.2495	0.4787	-0.9133	0.4009	1.9478	9.4616	0.1835	0.0367	-0.1847	0.7448	-0.5521	-1.4702	9.7267	2.3252	0.0084	-1.8212	-0.4329	-2.6725	-0.2342	-0.3242	-0.1681
0.6509	1.1808	9.8071	0.1008	0.5432	-0.6157	0.2675	0.4551	-0.9123	0.4042	1.8325	9.6355	0.4904	-0.1237	-0.1655	0.7802	-0.5276	-1.491	9.3238	2.7343	0.4573	-2.0919	-0.6944	-2.1304	-0.2041	-0.3242	-0.1921
0.186	1.0664	9.7976	-0.4782	0.6798	-0.7351	0.213	0.4064	-0.8904	0.5812	1.8325	9.8126	0.5241	0.0573	-0.0918	0.6922	-0.5068	-1.5144	9.5608	2.0356	0.5171	-2.4547	-0.733	-1.7912	-0.2101	-0.3182	-0.1681
0.3615	1.0662	9.8586	0.0118	0.7367	-0.7596	0.3045	0.5268	-0.9131	0.4611	1.8324	9.5785	0.3976	-0.3157	0.0087	0.7638	-0.4349	-1.535	9.1467	2.3851	0.3961	-2.5098	-0.6926	-1.1122	-0.2221	-0.3242	-0.1621
0.1788	1.1809	9.4529	-0.1741	0.4908	-0.7432	0.214	0.4772	-0.8699	0.3993	2.4096	9.4041	0.7006	-0.4902	-0.3145	0.7275	-0.5058	-1.5137	9.384	2.4433	0.5147	-2.3231	-0.8032	-0.5968	-0.2161	-0.3122	-0.1801
0.3625	1.1816	9.9164	-0.2623	0.7474	-0.9145	0.2117	0.4801	-0.9809	0.8077	2.698	9.5859	0.7034	-0.341	-0.2117	0.746	-0.4823	-1.4922	9.7372	2.967	0.5796	-2.5957	-1.0886	-0.2711	-0.2161	-0.3302	-0.1801
0.2315	1.0071	9.1661	-0.2932	0.717	-0.9163	0.2675	0.4551	-0.9123	0.4573	2.3518	9.4051	0.9176	-0.4661	-0.2518	0.7617	-0.5511	-1.5125	9.7934	2.2097	0.408	-2.5944	-1.3128	-0.0061	-0.2281	-0.3362	-0.1801
0.3495	1.2954	9.2841	0.1986	0.9015	-1.0262	0.2867	0.4542	-0.8674	0.693	2.5828	9.6416	0.8537	-0.6173	-0.2924	0.6924	-0.4834	-1.536	9.8528	2.7337	0.4674	-2.9871	-1.5099	0.4789	-0.2161	-0.3182	-0.1681
0.7623	1.2953	9.5797	-0.5659	0.7952	-1.1905	0.2485	0.4079	-0.9338	0.6348	1.9476	9.5818	0.9461	-0.4883	-0.4397	0.7105	-0.5302	-1.4498	9.497	2.559	0.2893	-3.4691	-1.589	1.1552	-0.2342	-0.3242	-0.1861
-0.0004	1.2383	9.2195	-0.3215	0.645	-1.3507	0.2309	0.431	-0.9127	0.6939	1.8899	9.6407	0.6692	-0.4867	-0.3762	0.7102	-0.5066	-1.4927	9.2597	2.4426	0.1707	-3.5598	-2.0288	1.4405	-0.2161	-0.3362	-0.1861
-0.1103	0.951	9.504	-0.7218	0.4284	-1.2419	0.2319	0.5018	-0.8922	0.4594	2.352	9.5211	0.7306	-0.4216	-0.4654	0.7277	-0.5294	-1.4707	9.8551	2.6758	0.5812	-3.7057	-2.1464	2.2658	-0.2041	-0.3062	-0.1681
0.0062	1.4121	9.565	-0.6001	0.4225	-1.1492	0.2127	0.4308	-0.9131	0.4578	2.0054	9.4047	0.4856	-0.3283	-0.3961	0.743	-0.5509	-1.5769	9.3182	2.7336	0.1725	-3.6419	-2.0327	2.5479	-0.2281	-0.3242	-0.1801
0.2365	0.8347	9.3957	-0.2952	0.2966	-1.1847	0.2853	0.4559	-0.934	0.7423	2.0046	9.1198	0.5803	-0.1454	-0.3847	0.728	-0.4826	-1.5139	9.4428	2.385	0.5157	-3.21	-1.7761	3.0805	-0.2161	-0.3302	-0.1741
0.3696	0.4905	10.2022	-0.1131	0.3724	-0.8721	0.212	0.4557	-0.9581	0.4666	2.4102	9.9273	0.6118	-0.1812	-0.294	0.7278	-0.506	-1.4923	9.3855	2.0942	0.5708	-2.8701	-1.6726	3.6058	-0.2101	-0.3242	-0.1801
0.2937	0.7192	9.339	0.4354	0.3817	-0.5607	0.2671	0.4557	-0.9345	0.3514	1.8907	9.9246	-0.189	-0.0432	-0.3124	0.727	-0.529	-1.5134	9.3831	2.2103	0.4572	-2.2876	-1.5047	3.9787	-0.2221	-0.3242	-0.1801
0.1179	0.8347	9.2784	0.8328	0.4046	-0.4955	0.2311	0.4548	-0.9132	0.8118	1.9477	9.7589	0.2428	-0.0505	-0.3149	0.7277	-0.5294	-1.4707	9.6758	2.3263	0.4061	-1.8576	-1.272	4.2948	-0.2221	-0.3302	-0.1741
-0.0512	0.4897	9.5041	0.9239	0.2829	-0.5629	0.2124	0.4551	-0.9359	0.2276	2.3523	9.517	-0.8047	-0.1035	-0.1273	0.7261	-0.5519	-1.5346	9.4498	2.153	0.8569	-1.0018	-1.1342	4.5717	-0.2281	-0.3122	-0.1741
0.2994	1.3541	9.6856	0.8338	0.4986	-0.5212	0.2678	0.4308	-0.8895	0.1149	2.2949	9.6888	0.096	0.1769	0.1353	0.7628	-0.4813	-1.5345	9.4411	1.919	0.4006	-0.4526	-1.0802	4.6623	-0.2281	-0.3182	-0.1741
0.0649	1.1237	9.5654	0.4038	0.2587	-0.5675	0.2135	0.4778	-0.8921	0.401	2.6985	9.5205	0.1514	0.0433	-0.3084	0.747	-0.4359	-1.4926	9.3193	2.7337	0.2294	0.343	-1.0074	5.0593	-0.2221	-0.3242	-0.1801
0.2458	0.7782	9.8556	0.5245	0.2471	-0.3522	0.304	0.4555	-0.9114	0.8067	1.8895	9.4688	-0.3409	-0.019	-0.1239	0.7105	-0.4597	-1.5358	9.7964	2.5594	0.5798	0.9241	-0.6777	5.1947	-0.2402	-0.3362	-0.1741
0.0674	1.0664	9.6803	0.2483	0.1272	-0.3604	0.2316	0.4542	-0.891	0.5728	1.8319	9.3485	-0.4011	0.1373	-0.1445	0.7434	-0.5511	-1.5555	9.4403	2.6176	0.4023	1.4757	-0.6018	5.5631	-0.2101	-0.3182	-0.1741
-0.3432	1.1244	9.4999	0.4335	0.282	-0.4124	0.2503	0.5257	-0.8923	0.4606	2.2366	9.579	-0.2471	0.233	-0.2632	0.727	-0.529	-1.5134	9.271	2.3858	0.7402	1.572	-0.4337	6.063	-0.2281	-0.3062	-0.1861
0.1247	0.8931	9.6235	0.2784	0.124	-0.2989	0.2493	0.4549	-0.9128	0.5168	1.9476	9.4636	0.4009	0.1884	-0.2069	0.7634	-0.5052	-1.4702	9.3253	2.3851	0.5134	1.666	-0.758	6.5374	-0.2101	-0.3182	-0.1801
0.2414	1.239	9.6842	0.4889	-0.1636	-0.1593	0.2487	0.4317	-0.9344	0.4609	2.0056	9.5787	0.0591	0.2385	-0.4815	0.7095	-0.5061	-1.5354	9.4462	2.3854	0.6866	1.9092	-0.7581	6.4739	-0.2221	-0.3182	-0.1681
0.2878	1.3528	9.1105	0.4575	-0.3146	-0.229	0.2482	0.4323	-0.9566	0.3377	2.8137	9.2296	0.091	0.2657	-0.4178	0.7615	-0.5274	-1.5554	9.4973	2.2098	0.2885	1.9425	-0.8009	6.8404	-0.2281	-0.3242	-0.1801
0.586	1.0648	9.4606	0.5202	-0.1597	-0.2511	0.2672	0.4076	-0.9112	0.344	1.9479	9.5185	-0.5212	0.4161	-0.1258	0.7095	-0.5061	-1.5354	9.7357	2.3263	0.4642	2.0944	-0.832	6.8067	-0.2161	-0.3302	-0.1681
0.357	1.008	9.6284	0.3646	-0.3206	-0.0763	0.2311	0.4548	-0.9132	0.6367	2.121	9.698	-0.4867	0.4957	0.1276	0.7094	-0.5295	-1.5138	9.9658	2.733	0.2417	2.4313	-0.936	7.0753	-0.2161	-0.3242	-0.1741
0.3512	1.0649	9.341	0.61	-0.29	-0.1345	0.2493	0.4549	-0.9128	0.3449	2.0635	9.5767	-0.7312	0.4892	0.3456	0.6914	-0.5298	-1.5355	9.4473	2.3856	0.7435	2.8585	-1.0368	7.2203	-0.2281	-0.3122	-0.1741
0.3561	0.8925	9.5706	0.6387	-0.3314	0.0786	0.2314	0.4304	-0.8905	0.4648	2.1791	9.811	-0.61	0.3027	0.3329	0.7253	-0.5748	-1.5557	9.6751	2.9666	0.4076	3.2565	-1.2048	7.5466	-0.2281	-0.3242	-0.1741
0.183	0.8354	9.6245	0.5795	-0.2308	-0.0701	0.2121	0.4795	-0.9587	0.4596	2.1787	9.5209	-0.2745	0.1201	0.1643	0.7626	-0.5281	-1.4914	9.5122	2.9103	1.0877	3.7459	-0.7791	7.5955	-0.2281	-0.3062	-0.1621
